epoch,time,train/box_loss,train/pose_loss,train/kobj_loss,train/cls_loss,train/dfl_loss,metrics/precision(B),metrics/recall(B),metrics/mAP50(B),metrics/mAP50-95(B),metrics/precision(P),metrics/recall(P),metrics/mAP50(P),metrics/mAP50-95(P),val/box_loss,val/pose_loss,val/kobj_loss,val/cls_loss,val/dfl_loss,lr/pg0,lr/pg1,lr/pg2
1,349.552,0.62696,3.68452,0.6639,0.44603,1.19134,0.99414,0.99983,0.99494,0.67759,0.87554,0.88066,0.78151,0.20552,0.80351,2.64213,0.38624,0.62263,1.50965,0.000663333,0.000663333,0.000663333
2,444.995,0.65436,1.7147,0.53259,0.42574,1.19231,0.99409,0.99705,0.995,0.85923,0.97581,0.97791,0.96843,0.67178,0.58242,0.9895,0.19924,0.44137,1.29064,0.00132122,0.00132122,0.00132122
3,539.759,0.65193,1.39791,0.40829,0.41359,1.17817,0.99777,1,0.99496,0.86163,0.99483,0.99705,0.99421,0.84135,0.5393,0.58766,0.1202,0.56588,1.24052,0.00197031,0.00197031,0.00197031
4,634.556,0.63611,1.17536,0.32758,0.40364,1.16859,0.9898,0.99558,0.99491,0.84727,0.98569,0.99116,0.99345,0.80372,0.66361,0.80709,0.15051,0.54236,1.30217,0.0019604,0.0019604,0.0019604
5,729.01,0.59606,0.95122,0.27325,0.3717,1.1496,0.99982,1,0.995,0.90514,0.99687,0.99705,0.99361,0.90672,0.43474,0.3975,0.06839,0.28067,1.10716,0.0019472,0.0019472,0.0019472
6,823.952,0.55666,0.85403,0.22938,0.35094,1.12036,0.99973,1,0.995,0.89592,0.99678,0.99705,0.99393,0.93762,0.48371,0.34912,0.044,0.37277,1.17342,0.001934,0.001934,0.001934
7,918.866,0.547,0.77205,0.2038,0.33641,1.11303,0.99991,1,0.995,0.90427,0.99697,0.99705,0.99449,0.93793,0.43957,0.33524,0.03732,0.27,1.11571,0.0019208,0.0019208,0.0019208
8,1013.75,0.51485,0.70342,0.1822,0.31542,1.10251,0.98504,0.99853,0.99497,0.91356,0.98214,0.99558,0.9929,0.94738,0.39875,0.32762,0.08464,0.30525,1.06956,0.0019076,0.0019076,0.0019076
9,1108.65,0.5021,0.68937,0.16418,0.30903,1.08294,0.99991,1,0.995,0.9257,0.99697,0.99705,0.99363,0.94076,0.38345,0.37355,0.0231,0.26428,1.05347,0.0018944,0.0018944,0.0018944
10,1203.54,0.48394,0.63328,0.16222,0.29928,1.07612,0.99991,1,0.995,0.92019,0.99696,0.99705,0.99344,0.95004,0.38155,0.35782,0.0245,0.24867,1.05217,0.0018812,0.0018812,0.0018812
11,1298.54,0.47498,0.60688,0.14719,0.29135,1.07523,0.9996,1,0.995,0.93674,0.99665,0.99705,0.99244,0.93175,0.39983,0.37039,0.03116,0.2675,1.0675,0.001868,0.001868,0.001868
12,1393.25,0.46938,0.59877,0.1446,0.29126,1.06853,0.9985,1,0.995,0.93717,0.99556,0.99705,0.99445,0.93745,0.36046,0.33886,0.01928,0.23866,1.03448,0.0018548,0.0018548,0.0018548
13,1488.36,0.46014,0.56891,0.14062,0.28598,1.06353,0.99989,1,0.995,0.92685,0.99695,0.99705,0.99419,0.946,0.36835,0.31124,0.01336,0.25557,1.03918,0.0018416,0.0018416,0.0018416
14,1583.1,0.46348,0.54477,0.1326,0.28392,1.06868,0.99991,1,0.995,0.95397,0.99696,0.99705,0.99335,0.94006,0.31549,0.32522,0.03601,0.23085,1.00171,0.0018284,0.0018284,0.0018284
15,1678.14,0.4657,0.54646,0.13039,0.28285,1.06573,0.99986,1,0.995,0.94595,0.99692,0.99705,0.99392,0.94279,0.34298,0.31376,0.02043,0.23215,1.01759,0.0018152,0.0018152,0.0018152
16,1772.76,0.45467,0.54062,0.12676,0.27898,1.06686,0.9999,1,0.995,0.95627,0.99695,0.99705,0.99334,0.94816,0.30171,0.26362,0.01344,0.21409,0.98097,0.001802,0.001802,0.001802
17,1867.63,0.44525,0.53439,0.12676,0.2763,1.06066,0.99983,1,0.995,0.95049,0.99689,0.99705,0.99303,0.9425,0.31295,0.2998,0.03287,0.25197,0.98459,0.0017888,0.0017888,0.0017888
18,1962.32,0.44027,0.51838,0.12389,0.27074,1.05998,0.99991,1,0.995,0.96458,0.99696,0.99705,0.99282,0.94882,0.28971,0.29766,0.01238,0.21529,0.97122,0.0017756,0.0017756,0.0017756
19,2057.3,0.43397,0.4864,0.11721,0.26387,1.05289,0.99991,1,0.995,0.96084,0.99697,0.99705,0.99256,0.93663,0.29793,0.33284,0.0159,0.20851,0.98711,0.0017624,0.0017624,0.0017624
20,2151.96,0.43068,0.49645,0.11499,0.26533,1.05285,0.99989,1,0.995,0.94544,0.99695,0.99705,0.99441,0.9482,0.32982,0.29626,0.01246,0.2216,1.01683,0.0017492,0.0017492,0.0017492
21,2246.67,0.41962,0.48078,0.1169,0.2568,1.04706,0.99987,1,0.995,0.96514,0.99692,0.99705,0.99286,0.94036,0.27124,0.31033,0.02359,0.19329,0.96388,0.001736,0.001736,0.001736
22,2341.28,0.40365,0.44651,0.11151,0.24915,1.03746,0.99991,1,0.995,0.97122,0.99697,0.99705,0.99367,0.9435,0.2617,0.26867,0.01068,0.18819,0.94286,0.0017228,0.0017228,0.0017228
23,2436.26,0.41577,0.47701,0.10814,0.25364,1.03695,0.99991,1,0.995,0.97108,0.99696,0.99705,0.99232,0.94524,0.26927,0.25386,0.00905,0.19174,0.95496,0.0017096,0.0017096,0.0017096
24,2531.27,0.40972,0.47088,0.10942,0.24968,1.03554,0.99988,1,0.995,0.96601,0.99694,0.99705,0.99282,0.94589,0.30589,0.26138,0.0085,0.21755,0.98507,0.0016964,0.0016964,0.0016964
25,2626.02,0.39786,0.42837,0.10533,0.24335,1.0338,0.99992,1,0.995,0.97043,0.99697,0.99705,0.99401,0.94932,0.26204,0.25859,0.01328,0.18416,0.93908,0.0016832,0.0016832,0.0016832
26,2720.93,0.39858,0.42169,0.09988,0.2449,1.03856,0.99991,1,0.995,0.96555,0.99697,0.99705,0.99235,0.94793,0.28556,0.27922,0.0111,0.19306,0.96463,0.00167,0.00167,0.00167
27,2815.67,0.39446,0.40601,0.09879,0.2415,1.02881,0.99991,1,0.995,0.97174,0.99697,0.99705,0.99437,0.94411,0.2461,0.27523,0.00471,0.18292,0.93283,0.0016568,0.0016568,0.0016568
28,2910.38,0.39385,0.42585,0.09713,0.23997,1.03563,0.99991,1,0.995,0.97079,0.99697,0.99705,0.99303,0.94836,0.25905,0.27754,0.00714,0.19222,0.93634,0.0016436,0.0016436,0.0016436
29,3005.08,0.39658,0.4066,0.10068,0.24482,1.02654,0.99991,1,0.995,0.97052,0.99696,0.99705,0.99369,0.94613,0.26993,0.26403,0.01236,0.1876,0.94638,0.0016304,0.0016304,0.0016304
30,3099.77,0.39134,0.42731,0.10218,0.23669,1.02655,0.99991,1,0.995,0.97539,0.99697,0.99705,0.99433,0.94551,0.25607,0.2735,0.0181,0.19252,0.92488,0.0016172,0.0016172,0.0016172
31,3194.75,0.37802,0.41533,0.09498,0.23297,1.02011,0.99991,1,0.995,0.97435,0.99696,0.99705,0.99306,0.94768,0.24238,0.26329,0.00846,0.17471,0.92659,0.001604,0.001604,0.001604
32,3289.8,0.3838,0.423,0.0939,0.23473,1.02628,0.99991,1,0.995,0.97291,0.99697,0.99705,0.99384,0.94717,0.25126,0.26727,0.00784,0.18323,0.93186,0.0015908,0.0015908,0.0015908
33,3384.48,0.38441,0.42397,0.09551,0.23678,1.03268,0.99989,1,0.995,0.97764,0.99694,0.99705,0.99288,0.94543,0.22057,0.26204,0.01078,0.16283,0.91393,0.0015776,0.0015776,0.0015776
34,3479.32,0.37618,0.41286,0.09615,0.2315,1.02091,0.99992,1,0.995,0.97707,0.99697,0.99705,0.99413,0.94839,0.2218,0.25894,0.01178,0.16177,0.92274,0.0015644,0.0015644,0.0015644
35,3574.3,0.38101,0.41042,0.09372,0.23426,1.02318,0.99991,1,0.995,0.97544,0.99696,0.99705,0.99338,0.94944,0.24259,0.26517,0.00558,0.18273,0.92566,0.0015512,0.0015512,0.0015512
36,3668.96,0.37869,0.40062,0.0928,0.23229,1.02239,0.99991,1,0.995,0.97746,0.99696,0.99705,0.99351,0.95101,0.25057,0.25694,0.00447,0.19098,0.92415,0.001538,0.001538,0.001538
37,3763.94,0.36971,0.41413,0.08833,0.2254,1.01769,0.99992,1,0.995,0.97469,0.99697,0.99705,0.9931,0.95056,0.24655,0.25203,0.0061,0.1643,0.93414,0.0015248,0.0015248,0.0015248
38,3858.62,0.37316,0.40565,0.08783,0.2249,1.0279,0.99992,1,0.995,0.98286,0.99697,0.99705,0.99487,0.94864,0.21446,0.26487,0.00787,0.16167,0.9024,0.0015116,0.0015116,0.0015116
39,3953.51,0.36674,0.38237,0.08752,0.2261,1.01869,0.99992,1,0.995,0.97715,0.99697,0.99705,0.99246,0.94333,0.23379,0.27112,0.01388,0.17521,0.92328,0.0014984,0.0014984,0.0014984
40,4048.14,0.36117,0.39644,0.08784,0.22361,1.01341,0.99991,1,0.995,0.97954,0.99697,0.99705,0.99379,0.94927,0.21365,0.25638,0.00736,0.15968,0.90684,0.0014852,0.0014852,0.0014852
41,4142.77,0.36662,0.38666,0.08527,0.22145,1.01313,0.9999,1,0.995,0.97835,0.99695,0.99705,0.99424,0.95392,0.21635,0.25351,0.00638,0.15611,0.90529,0.001472,0.001472,0.001472
42,4237.74,0.36336,0.38466,0.08351,0.22075,1.01472,0.99991,1,0.995,0.98348,0.99696,0.99705,0.99375,0.95267,0.21794,0.2511,0.00508,0.15842,0.90852,0.0014588,0.0014588,0.0014588
43,4332.67,0.36525,0.37832,0.08693,0.22487,1.01525,0.99991,1,0.995,0.98003,0.99697,0.99705,0.99383,0.95268,0.20298,0.24941,0.00456,0.1637,0.90366,0.0014456,0.0014456,0.0014456
44,4427.34,0.34824,0.38324,0.08448,0.2157,1.00936,0.99991,1,0.995,0.98041,0.99696,0.99705,0.99368,0.95495,0.2072,0.25883,0.01525,0.16484,0.90917,0.0014324,0.0014324,0.0014324
45,4521.94,0.3614,0.36845,0.08148,0.22179,1.01582,0.99992,1,0.995,0.97958,0.99697,0.99705,0.99424,0.95481,0.22188,0.24213,0.00308,0.16264,0.90968,0.0014192,0.0014192,0.0014192
46,4616.58,0.35291,0.36008,0.0838,0.21722,1.00559,0.99992,1,0.995,0.9784,0.99697,0.99705,0.99365,0.95535,0.20997,0.24831,0.00542,0.15943,0.91146,0.001406,0.001406,0.001406
47,4711.17,0.34959,0.3757,0.08064,0.2125,1.00647,0.99992,1,0.995,0.98061,0.99697,0.99705,0.99399,0.95616,0.19214,0.24466,0.00614,0.14513,0.89061,0.0013928,0.0013928,0.0013928
48,4806.05,0.35024,0.33593,0.08144,0.21211,1.01008,0.99991,1,0.995,0.98402,0.99697,0.99705,0.99399,0.95356,0.19946,0.24386,0.00481,0.15574,0.89812,0.0013796,0.0013796,0.0013796
49,4901.01,0.34913,0.35473,0.07616,0.21068,1.00634,0.99992,1,0.995,0.9844,0.99697,0.99705,0.99405,0.95495,0.19637,0.24479,0.0038,0.15362,0.89149,0.0013664,0.0013664,0.0013664
50,4996,0.34418,0.36242,0.08005,0.21141,1.00058,0.9999,1,0.995,0.98474,0.99696,0.99705,0.99471,0.9552,0.18759,0.2403,0.00388,0.14461,0.88278,0.0013532,0.0013532,0.0013532
51,5090.96,0.35748,0.37024,0.07641,0.21523,1.01045,0.99992,1,0.995,0.98412,0.99697,0.99705,0.99482,0.95109,0.1914,0.24608,0.00231,0.15755,0.88557,0.00134,0.00134,0.00134
52,5185.62,0.33977,0.34129,0.08164,0.21082,1.00103,0.99987,1,0.995,0.98534,0.99692,0.99705,0.99426,0.95452,0.19128,0.24008,0.00156,0.15184,0.88224,0.0013268,0.0013268,0.0013268
53,5280.31,0.35308,0.3454,0.07514,0.21319,1.01046,0.99983,1,0.995,0.98021,0.99688,0.99705,0.99309,0.94469,0.21703,0.24621,0.00643,0.18839,0.91768,0.0013136,0.0013136,0.0013136
54,5374.93,0.34415,0.35723,0.07845,0.21217,1.00265,0.99991,1,0.995,0.98117,0.99697,0.99705,0.99343,0.95045,0.1966,0.23949,0.0012,0.15315,0.89689,0.0013004,0.0013004,0.0013004
55,5469.59,0.33298,0.32979,0.07493,0.20284,0.99277,0.99992,1,0.995,0.98146,0.99697,0.99705,0.99311,0.95288,0.19499,0.24118,0.00379,0.14721,0.896,0.0012872,0.0012872,0.0012872
56,5564.27,0.33896,0.32852,0.074,0.20644,1.00118,0.99992,1,0.995,0.98374,0.99697,0.99705,0.99325,0.95062,0.18527,0.24751,0.00733,0.14976,0.88334,0.001274,0.001274,0.001274
57,5658.89,0.32793,0.34473,0.0743,0.20403,0.99324,0.99991,1,0.995,0.98375,0.99697,0.99705,0.99279,0.94901,0.19261,0.24328,0.00279,0.15637,0.88826,0.0012608,0.0012608,0.0012608
58,5753.49,0.34239,0.35032,0.07348,0.2061,1.0027,0.99991,1,0.995,0.98403,0.99697,0.99705,0.99279,0.94676,0.1859,0.24801,0.00324,0.15198,0.87899,0.0012476,0.0012476,0.0012476
59,5848.18,0.33661,0.34641,0.07305,0.2039,0.99793,0.99992,1,0.995,0.98096,0.99697,0.99705,0.99387,0.95304,0.19482,0.23891,0.01072,0.14423,0.9054,0.0012344,0.0012344,0.0012344
60,5942.73,0.33305,0.32725,0.07163,0.20266,0.99972,0.99992,1,0.995,0.98322,0.99697,0.99705,0.99368,0.95249,0.18324,0.2385,0.00644,0.14562,0.88895,0.0012212,0.0012212,0.0012212
61,6037.4,0.33917,0.3371,0.07144,0.20615,1.0017,0.99992,1,0.995,0.98487,0.99698,0.99705,0.99456,0.95669,0.18752,0.24126,0.00378,0.146,0.8945,0.001208,0.001208,0.001208
62,6132.34,0.33626,0.33268,0.07465,0.20117,1.00159,0.99991,1,0.995,0.98576,0.99697,0.99705,0.99358,0.95256,0.17533,0.23617,0.00364,0.15083,0.87166,0.0011948,0.0011948,0.0011948
63,6227.05,0.33063,0.34195,0.07287,0.20048,0.99435,0.99992,1,0.995,0.98423,0.99697,0.99705,0.99258,0.94511,0.16951,0.23651,0.00394,0.12984,0.87531,0.0011816,0.0011816,0.0011816
64,6321.75,0.3288,0.3094,0.06879,0.20074,0.99789,0.99992,1,0.995,0.98704,0.99697,0.99705,0.99368,0.95165,0.18188,0.23481,0.00123,0.13798,0.87485,0.0011684,0.0011684,0.0011684
65,6416.44,0.33529,0.3346,0.06868,0.20019,1.00403,0.9999,1,0.995,0.98424,0.99696,0.99705,0.99276,0.9516,0.17461,0.23754,0.00211,0.1407,0.87678,0.0011552,0.0011552,0.0011552
66,6511.07,0.33527,0.32529,0.07049,0.20307,1.00331,0.99991,1,0.995,0.98499,0.99697,0.99705,0.9938,0.95186,0.17751,0.24104,0.00213,0.14635,0.88083,0.001142,0.001142,0.001142
67,6605.72,0.32977,0.31852,0.0727,0.20248,0.99716,0.99992,1,0.995,0.98272,0.99697,0.99705,0.99329,0.95023,0.17511,0.23798,0.00168,0.13952,0.88216,0.0011288,0.0011288,0.0011288
68,6700.35,0.32296,0.32741,0.06979,0.19671,0.99482,0.99989,1,0.995,0.98517,0.99695,0.99705,0.99411,0.95359,0.17016,0.23536,0.00302,0.13699,0.86997,0.0011156,0.0011156,0.0011156
69,6795.04,0.32006,0.32057,0.0669,0.19307,0.98833,0.99991,1,0.995,0.98656,0.99696,0.99705,0.99376,0.94852,0.16663,0.23352,0.00282,0.13399,0.87286,0.0011024,0.0011024,0.0011024
70,6889.63,0.32172,0.31527,0.06643,0.19332,0.99112,0.99992,1,0.995,0.98654,0.99697,0.99705,0.99439,0.95634,0.16477,0.23532,0.00325,0.133,0.86677,0.0010892,0.0010892,0.0010892
71,6984.54,0.31805,0.32011,0.06815,0.19335,0.98966,0.99992,1,0.995,0.98544,0.99697,0.99705,0.99373,0.95575,0.16713,0.23522,0.00145,0.13582,0.86418,0.001076,0.001076,0.001076
72,7079.08,0.32567,0.32907,0.06691,0.1962,0.9963,0.99992,1,0.995,0.98522,0.99697,0.99705,0.99355,0.95652,0.1646,0.23783,0.0024,0.13238,0.86698,0.0010628,0.0010628,0.0010628
73,7173.72,0.32466,0.31889,0.06787,0.19432,0.99508,0.99992,1,0.995,0.9872,0.99697,0.99705,0.99464,0.95585,0.17111,0.23778,0.00258,0.13794,0.86867,0.0010496,0.0010496,0.0010496
74,7268.62,0.31656,0.30983,0.06304,0.19043,0.98957,0.9999,1,0.995,0.98654,0.99696,0.99705,0.99441,0.95201,0.15934,0.23661,0.0021,0.13299,0.86223,0.0010364,0.0010364,0.0010364
75,7363.21,0.32284,0.32059,0.06455,0.19333,0.99599,0.99992,1,0.995,0.98845,0.99697,0.99705,0.99285,0.9479,0.15851,0.23393,0.00164,0.12926,0.85803,0.0010232,0.0010232,0.0010232
76,7457.78,0.32404,0.31912,0.06497,0.19367,0.99785,0.99992,1,0.995,0.9863,0.99697,0.99705,0.99463,0.95237,0.166,0.2328,0.00131,0.13224,0.86583,0.00101,0.00101,0.00101
77,7552.45,0.31963,0.31218,0.06826,0.19108,0.99039,0.99992,1,0.995,0.98773,0.99698,0.99705,0.99379,0.94939,0.14959,0.23187,0.00164,0.12459,0.85637,0.0009968,0.0009968,0.0009968
78,7647.02,0.31391,0.31404,0.06288,0.18659,0.98941,0.99991,1,0.995,0.98777,0.99696,0.99705,0.99373,0.95025,0.15746,0.23342,0.00135,0.12679,0.8589,0.0009836,0.0009836,0.0009836
79,7741.6,0.31086,0.3155,0.06347,0.18649,0.98633,0.99992,1,0.995,0.98597,0.99697,0.99705,0.99337,0.95231,0.1586,0.23408,0.00152,0.1361,0.8593,0.0009704,0.0009704,0.0009704
80,7836.12,0.31304,0.31189,0.06603,0.19084,0.99199,0.99992,1,0.995,0.98742,0.99697,0.99705,0.99281,0.95096,0.17178,0.23792,0.0027,0.13346,0.86564,0.0009572,0.0009572,0.0009572
81,7930.7,0.30967,0.3128,0.06319,0.18433,0.98596,0.99992,1,0.995,0.98612,0.99698,0.99705,0.99261,0.94815,0.15833,0.23414,0.00152,0.12199,0.86583,0.000944,0.000944,0.000944
82,8025.24,0.31498,0.32047,0.06651,0.18804,0.98966,0.99992,1,0.995,0.98841,0.99697,0.99705,0.99435,0.95158,0.15901,0.23668,0.00089,0.13404,0.86322,0.0009308,0.0009308,0.0009308
83,8119.86,0.3042,0.31248,0.0633,0.18509,0.98028,0.99991,1,0.995,0.98719,0.99696,0.99705,0.99381,0.95231,0.16091,0.2335,0.00217,0.12705,0.86549,0.0009176,0.0009176,0.0009176
84,8214.42,0.31629,0.30716,0.06369,0.19171,0.99376,0.9999,1,0.995,0.98722,0.99695,0.99705,0.99453,0.95785,0.14922,0.23208,0.00209,0.12193,0.85856,0.0009044,0.0009044,0.0009044
85,8309.37,0.30706,0.29663,0.06401,0.18354,0.98529,0.99989,1,0.995,0.9875,0.99694,0.99705,0.99386,0.95119,0.15179,0.23218,0.00252,0.12294,0.85729,0.0008912,0.0008912,0.0008912
86,8403.94,0.30882,0.29196,0.06144,0.18397,0.99173,0.99991,1,0.995,0.98717,0.99696,0.99705,0.99472,0.95356,0.15181,0.23429,0.00141,0.11968,0.85991,0.000878,0.000878,0.000878
87,8498.53,0.30849,0.30908,0.06588,0.18589,0.99284,0.99992,1,0.995,0.98827,0.99697,0.99705,0.99443,0.95298,0.16056,0.23331,0.00436,0.12792,0.86581,0.0008648,0.0008648,0.0008648
88,8593.09,0.30862,0.2943,0.06018,0.18437,0.9876,0.99989,1,0.995,0.98481,0.99695,0.99705,0.99446,0.95275,0.1557,0.23317,0.00273,0.12471,0.86915,0.0008516,0.0008516,0.0008516
89,8687.75,0.30132,0.30652,0.06289,0.183,0.98492,0.99992,1,0.995,0.98773,0.99697,0.99705,0.99428,0.95193,0.15231,0.23352,0.00197,0.12131,0.86556,0.0008384,0.0008384,0.0008384
90,8782.26,0.30422,0.29522,0.05966,0.18331,0.9851,0.99992,1,0.995,0.98785,0.99697,0.99705,0.99408,0.95176,0.14646,0.23217,0.0025,0.11568,0.85585,0.0008252,0.0008252,0.0008252
91,8876.85,0.30201,0.29701,0.06013,0.17828,0.98881,0.99992,1,0.995,0.98675,0.99697,0.99705,0.99297,0.94598,0.14185,0.23133,0.00176,0.1155,0.85354,0.000812,0.000812,0.000812
92,8971.42,0.30025,0.29741,0.06058,0.17885,0.98408,0.99991,1,0.995,0.98646,0.99696,0.99705,0.99348,0.95096,0.15051,0.23552,0.00314,0.11984,0.86623,0.0007988,0.0007988,0.0007988
93,9066.09,0.30274,0.291,0.06522,0.18356,0.98854,0.9999,1,0.995,0.98589,0.99696,0.99705,0.99309,0.94898,0.15573,0.233,0.00194,0.13375,0.86264,0.0007856,0.0007856,0.0007856
94,9160.56,0.30256,0.29175,0.06093,0.17953,0.98722,0.99991,1,0.995,0.9873,0.99697,0.99705,0.99404,0.95454,0.14794,0.23405,0.00188,0.11881,0.85753,0.0007724,0.0007724,0.0007724
95,9255.15,0.29817,0.3121,0.06068,0.18238,0.98066,0.99992,1,0.995,0.98605,0.99697,0.99705,0.99347,0.95259,0.15188,0.23161,0.00178,0.11959,0.86026,0.0007592,0.0007592,0.0007592
96,9349.63,0.29869,0.29202,0.06253,0.17993,0.98453,0.99992,1,0.995,0.986,0.99697,0.99705,0.99388,0.95507,0.14627,0.23051,0.00264,0.11634,0.85849,0.000746,0.000746,0.000746
97,9444.22,0.29175,0.27409,0.05884,0.17321,0.98125,0.99992,1,0.995,0.98711,0.99697,0.99705,0.99342,0.95102,0.14817,0.22912,0.00156,0.11748,0.85503,0.0007328,0.0007328,0.0007328
98,9538.76,0.29359,0.28456,0.06153,0.17596,0.98272,0.99992,1,0.995,0.98557,0.99698,0.99705,0.99445,0.95368,0.15267,0.23023,0.00393,0.12425,0.86846,0.0007196,0.0007196,0.0007196
99,9633.42,0.28816,0.28901,0.06064,0.17301,0.97771,0.99992,1,0.995,0.98549,0.99697,0.99705,0.9947,0.95332,0.14697,0.23038,0.00304,0.12148,0.86861,0.0007064,0.0007064,0.0007064
100,9727.91,0.29072,0.2865,0.05922,0.1725,0.98245,0.99992,1,0.995,0.98709,0.99698,0.99705,0.9943,0.95645,0.13901,0.23052,0.00124,0.11211,0.84933,0.0006932,0.0006932,0.0006932
101,9822.43,0.29362,0.29609,0.0595,0.17367,0.98196,0.99992,1,0.995,0.98544,0.99697,0.99705,0.99326,0.95009,0.13555,0.22872,0.00164,0.10562,0.84837,0.00068,0.00068,0.00068
102,9916.89,0.293,0.29507,0.05662,0.17208,0.98021,0.99992,1,0.995,0.98537,0.99698,0.99705,0.99383,0.95169,0.13753,0.22808,0.00142,0.10937,0.85204,0.0006668,0.0006668,0.0006668
103,10011.4,0.29078,0.27431,0.05681,0.17268,0.98175,0.99992,1,0.995,0.98583,0.99697,0.99705,0.99451,0.94929,0.14569,0.23052,0.00256,0.11903,0.86584,0.0006536,0.0006536,0.0006536
104,10105.9,0.28967,0.28694,0.05934,0.17074,0.9812,0.99992,1,0.995,0.98663,0.99698,0.99705,0.9938,0.94918,0.13984,0.22765,0.00137,0.11641,0.85848,0.0006404,0.0006404,0.0006404
105,10200.5,0.29143,0.27062,0.05696,0.17355,0.97921,0.99992,1,0.995,0.98733,0.99697,0.99705,0.99393,0.95274,0.13995,0.22771,0.0013,0.11478,0.8538,0.0006272,0.0006272,0.0006272
106,10295,0.28947,0.28048,0.05917,0.17024,0.9789,0.99992,1,0.995,0.98768,0.99697,0.99705,0.99421,0.95387,0.13425,0.2275,0.00107,0.11044,0.84873,0.000614,0.000614,0.000614
107,10389.6,0.29081,0.27584,0.05778,0.1721,0.98512,0.99992,1,0.995,0.98699,0.99698,0.99705,0.99426,0.94928,0.13268,0.22582,0.00132,0.10617,0.84461,0.0006008,0.0006008,0.0006008
108,10484.1,0.28318,0.2815,0.05748,0.16881,0.97893,0.99992,1,0.995,0.9869,0.99697,0.99705,0.99379,0.95087,0.12982,0.22672,0.00178,0.10834,0.84553,0.0005876,0.0005876,0.0005876
109,10578.7,0.2921,0.27791,0.05919,0.17408,0.98258,0.99991,1,0.995,0.98725,0.99697,0.99705,0.99419,0.95161,0.13338,0.22763,0.00139,0.1117,0.84489,0.0005744,0.0005744,0.0005744
110,10673.1,0.2867,0.27743,0.05467,0.17134,0.9787,0.99992,1,0.995,0.98756,0.99698,0.99705,0.99382,0.95018,0.13924,0.22556,0.0015,0.1125,0.84906,0.0005612,0.0005612,0.0005612
111,10767.6,0.28722,0.28319,0.05926,0.16986,0.98067,0.99992,1,0.995,0.98663,0.99697,0.99705,0.99395,0.95323,0.13403,0.22675,0.00105,0.11083,0.8453,0.000548,0.000548,0.000548
112,10862,0.28344,0.27336,0.05938,0.17053,0.97604,0.99992,1,0.995,0.98657,0.99698,0.99705,0.99377,0.95049,0.12917,0.22778,0.0015,0.1029,0.84414,0.0005348,0.0005348,0.0005348
113,10956.5,0.28473,0.27739,0.05502,0.16916,0.98299,0.99992,1,0.995,0.98844,0.99697,0.99705,0.99398,0.95237,0.13563,0.22931,0.0013,0.11043,0.8513,0.0005216,0.0005216,0.0005216
114,11051,0.28493,0.2697,0.05643,0.16804,0.97667,0.99992,1,0.995,0.98752,0.99698,0.99705,0.99407,0.95002,0.13436,0.22701,0.00168,0.10983,0.85009,0.0005084,0.0005084,0.0005084
