split,features,modelo,n,mape,mape_mediana,mejora_pct
val,-,mediana,678,23.36390019269236,23.36390019269236,0.0
val,d_px,ridge,678,18.541579666999585,23.36390019269236,20.64004933217903
val,d_px,hgb,678,19.256925899239935,23.36390019269236,17.578290694534736
val,r_ratios,ridge,678,18.85294370520927,23.36390019269236,19.30737783623131
val,r_ratios,hgb,678,19.549975962714623,23.36390019269236,16.324004975721632
val,s_sticker,ridge,678,15.600538814909598,23.36390019269236,33.228019781607124
val,s_sticker,hgb,678,16.048716508395817,23.36390019269236,31.309771159630905
test,-,mediana,670,23.49095504219636,23.49095504219636,0.0
test,d_px,ridge,670,19.165654451923768,23.49095504219636,18.412621294039077
test,d_px,hgb,670,19.758847436129304,23.49095504219636,15.887423901510783
test,r_ratios,ridge,670,19.151257501817824,23.49095504219636,18.47390850045569
test,r_ratios,hgb,670,19.84747613410596,23.49095504219636,15.510135290564767
test,s_sticker,ridge,670,16.5119837056968,23.49095504219636,29.70918519048445
test,s_sticker,hgb,670,16.827696880885703,23.49095504219636,28.365207584542958
