image_id,focal_px_est,z_sticker_m,z_vaca_m,z_wither_m,z_pinbone_m,z_shoulderbone_m,z_front_girth_top_m,z_front_girth_bottom_m,z_rear_girth_top_m,z_rear_girth_bottom_m,z_height_top_m,z_height_bottom_m,sticker_diam_px,sticker_redondez,n_comp_sticker,diam_real_cm,error_escala_pct
B3/246_s_92_F.jpg,1756.0,1.529296875,1.5849609375,1.6796875,2.162109375,1.6318359375,1.6796875,2.265625,2.326171875,2.7109375,7.19921875,1.732421875,123.85985336061873,1.0,1,10.786929765509822,4.739212176170393
B3/503_s_99_F.jpg,1527.0,1.6689453125,1.75,2.833984375,8.296875,1.8369140625,1.849609375,1.9140625,2.2421875,1.9189453125,1.8095703125,1.978515625,89.41292468872767,0.9888888888888889,1,9.772448037731994,5.111228982194538
B4/30_b4-1_s_98_M.jpg,1600.0,1.4130859375,1.5078125,1.5400390625,1.787109375,1.54296875,1.5859375,2.693359375,1.587890625,2.33203125,1.568359375,1.8564453125,111.57838620638148,1.0,1,9.854365529823852,4.315824379433286
B3/150_s_94_F.jpg,1538.0,1.6435546875,1.70703125,3.984375,1.7119140625,1.744140625,2.720703125,1.86328125,2.3828125,1.86328125,2.068359375,1.9072265625,90.46054694734545,1.0,1,9.666895706705034,6.136123760917478
B4/12_b4-1_s_86_M.jpg,1808.0,1.8876953125,1.994140625,2.103515625,2.029296875,2.041015625,2.08984375,2.14453125,2.0078125,4.94140625,2.076171875,2.140625,105.82728870896435,0.9719626168224299,1,11.049207789297355,7.285886177002809
B3/137_s_79_F.jpg,1422.0,1.8671875,1.9228515625,2.068359375,1.9375,1.974609375,3.533203125,2.056640625,1.9501953125,2.0625,2.51171875,2.072265625,83.85762938202048,0.9882352941176471,1,11.011105299700517,6.915917629039914
B3/200_s_99_F.jpg,1656.0,1.556640625,1.6083984375,1.728515625,1.638671875,1.6533203125,3.4765625,1.689453125,2.263671875,2.078125,2.09375,1.7353515625,104.0987116406393,0.9904761904761905,1,9.785282823066396,4.986605448566472
B4/4_b4-3_s_98_F.jpg,1555.0,1.73828125,1.8896484375,1.9521484375,1.9599609375,1.8994140625,1.994140625,2.02734375,1.990234375,2.08203125,1.9541015625,2.06640625,104.196514327288,1.0,1,11.647771522217434,13.0978359334323
B3/12_s_84_M.jpg,1550.0,1.3603515625,1.392578125,3.703125,1.4951171875,1.390625,1.4677734375,1.48828125,1.4609375,1.5,1.599609375,1.5263671875,110.0733732911816,0.9732142857142857,1,9.660547441697075,6.197764310181575
B3/34_s_99_M.jpg,1595.0,1.43359375,1.48828125,1.546875,1.552734375,1.5,1.6884765625,2.580078125,4.4296875,1.5576171875,1.638671875,1.51171875,112.07367268369669,0.9736842105263158,1,10.073236156670426,2.1906286543518894
B3/156_s_89_M.jpg,1523.0,1.5576171875,1.630859375,1.72265625,1.6962890625,1.6923828125,1.7236328125,1.7490234375,6.9296875,2.927734375,6.1015625,1.7744140625,109.06822207435411,0.9818181818181818,1,11.15472996146296,8.31048811842663
B3/13_s_94_F.jpg,1530.0,1.625,1.720703125,1.9248046875,1.658203125,1.75390625,1.880859375,2.0,1.6884765625,1.802734375,1.720703125,1.94140625,104.90285689696927,0.9719626168224299,1,11.141643297880723,8.183418890813709
B3/290_s_78_F.jpg,1692.0,1.4248046875,1.4892578125,3.0859375,1.6474609375,1.5107421875,1.5712890625,1.6982421875,1.6240234375,1.55859375,4.10546875,1.6123046875,119.5602792265963,0.9508196721311475,1,10.067969638348893,2.2417656314065115
B3/138_s_85_M.jpg,1578.0,1.8076171875,1.8876953125,2.681640625,2.021484375,1.9462890625,1.96875,2.349609375,3.025390625,1.982421875,5.30078125,2.07421875,102.08558014556858,1.0,1,11.694020866098766,13.54690901975979
B3/367_s_99_F.jpg,1849.0,1.5966796875,1.689453125,2.5859375,1.6357421875,1.7548828125,1.8671875,1.830078125,1.787109375,1.7734375,1.830078125,1.6123046875,107.57543503094884,0.9722222222222222,1,9.289535532065546,9.800225433738008
B3/12_s_94_F.jpg,1555.0,1.1875,1.275390625,1.33984375,1.3681640625,1.2939453125,1.3359375,1.392578125,1.2578125,1.3994140625,1.3046875,1.3427734375,148.8776477338009,0.9866666666666667,1,11.369273741729167,10.39367091565122
B3/493_s_90_M.jpg,1848.0,2.162109375,2.236328125,2.42578125,2.388671875,2.234375,2.3203125,2.76171875,2.548828125,2.375,2.544921875,2.57421875,106.91057661937643,0.9818181818181818,1,12.50824458849619,21.45287977074526
B3/270_s_91_F.jpg,1646.0,1.3583984375,1.443359375,1.548828125,1.43359375,1.4990234375,1.58984375,1.6328125,1.490234375,1.6728515625,2.33203125,1.5107421875,118.07074055541997,0.9830508474576272,1,9.744052824116062,5.38694156847801
B4/13_b4-1_s_89_F.jpg,1639.0,1.763671875,1.818359375,1.8671875,1.970703125,1.84375,2.08984375,2.92578125,1.9287109375,2.109375,1.9248046875,2.228515625,109.48767197123864,0.990909090909091,1,11.781594125375193,14.397230138345375
B3/366_s_92_F.jpg,1904.0,1.6591796875,1.734375,1.796875,1.8388671875,1.77734375,1.7978515625,1.93359375,1.779296875,1.814453125,1.9560546875,1.751953125,101.71698255708303,1.0,1,8.863799964942434,13.934043755094471
B4/4_b4-1_s_75_F.jpg,1604.0,1.69921875,1.77734375,1.8056640625,1.8994140625,1.7666015625,1.8388671875,1.9677734375,1.8271484375,2.4921875,1.8583984375,1.9619140625,113.01831317438405,0.9912280701754386,1,11.972745438858192,16.253276151054653
B3/194_s_67_F.jpg,1387.0,1.5107421875,1.5595703125,1.6728515625,1.494140625,1.6474609375,1.6435546875,1.64453125,1.5634765625,1.5751953125,1.8154296875,1.55078125,80.40839762217101,0.975609756097561,1,8.758208977439686,14.959313881474968
B3/143_s_79_M.jpg,1540.0,1.8515625,1.9765625,2.009765625,2.169921875,1.9921875,3.625,2.595703125,2.33203125,2.849609375,2.95703125,2.228515625,102.83119380336653,0.9809523809523809,1,12.363531316658822,20.047739066840276
B4/119_b4-1_s_110_F.jpg,1469.0,1.3955078125,1.431640625,1.4736328125,1.5576171875,1.47265625,2.939453125,1.5283203125,2.1328125,3.265625,1.5625,1.6826171875,99.41270213727385,0.9702970297029703,1,9.443921204513348,8.301167401936048
B4/226_b4-4_s_162_M.jpg,1604.0,1.412109375,1.490234375,1.5322265625,1.53515625,1.505859375,2.34765625,2.6328125,1.794921875,1.6494140625,3.34375,1.6640625,98.01972048813207,0.98989898989899,1,8.62933704714282,16.210637913830706
B3/10_s_155_F.jpg,1534.0,1.4482421875,1.5517578125,1.6708984375,3.447265625,1.640625,1.6962890625,1.7099609375,1.6396484375,1.7705078125,2.423828125,1.6201171875,110.11385101118276,0.9821428571428571,1,10.395796901074602,0.9413800805038841
B3/357_s_147_F.jpg,1844.0,2.150390625,2.23046875,2.36328125,2.912109375,2.28515625,2.48828125,2.384765625,2.580078125,2.998046875,2.521484375,2.298828125,89.83202232239604,0.9891304347826086,1,10.475810120763079,1.718294529381259
B3/191_s_147_F.jpg,1422.0,1.3427734375,1.4140625,1.62109375,1.4990234375,1.5263671875,1.5078125,1.564453125,1.4951171875,1.5263671875,1.6708984375,1.64453125,107.14849963894484,0.9814814814814815,1,10.117873360278022,1.7572091697311887
B4/25_b4-4_s_109_M.jpg,1496.0,1.486328125,1.556640625,1.64453125,1.521484375,1.5830078125,1.892578125,1.740234375,1.5419921875,1.6318359375,1.533203125,1.6943359375,119.79965003394106,1.0,1,11.902512647767635,15.571327963046699
B4/88_b4-4_s_133_F.jpg,1513.0,1.6591796875,1.69921875,1.830078125,1.8046875,1.7626953125,1.802734375,2.33203125,1.732421875,3.513671875,1.7236328125,2.0546875,102.12922378276677,0.9902912621359223,1,11.19965192336474,8.746672556564405
B4/382_b4-2_s_162_F.jpg,1610.0,1.5859375,1.6962890625,2.150390625,1.63671875,1.763671875,2.0078125,1.9462890625,1.6923828125,1.78515625,1.6953125,1.822265625,99.90457842951413,0.9607843137254902,1,9.841143934972521,4.4442037662045575
B3/226_s_149_F.jpg,1640.0,1.720703125,1.83203125,2.328125,1.7685546875,1.9033203125,1.9462890625,2.248046875,2.171875,2.27734375,2.2265625,1.990234375,96.11114866160744,1.0,1,10.084070356668748,2.0854304564354
B3/25_s_150_F.jpg,1602.0,1.4794921875,1.59765625,2.837890625,3.98046875,1.6650390625,3.19921875,1.74609375,5.14453125,1.7109375,1.6708984375,1.6357421875,98.53147481188748,0.9504950495049505,1,9.09965962590765,11.643887463113856
B3/112_s_176_F.jpg,1662.0,1.50390625,1.5888671875,1.7294921875,1.6435546875,1.615234375,2.2421875,1.880859375,2.359375,1.7607421875,6.40625,1.8154296875,102.8064271378331,0.9903846153846154,1,9.302721318457086,9.672193740884206
B4/69_b4-1_s_115_F.jpg,1732.0,1.4404296875,1.5732421875,1.734375,1.6318359375,1.6357421875,1.64453125,1.74609375,1.5859375,1.7265625,1.625,1.69921875,129.06507259429304,0.9922480620155039,1,10.733785345505908,4.223189099746283
B3/191_s_120_F.jpg,1469.0,1.6884765625,1.7568359375,1.8349609375,3.359375,1.822265625,1.9453125,1.896484375,13.6328125,1.8515625,2.013671875,1.802734375,89.44851759037577,0.9888888888888889,1,10.281261096100645,0.17074266801843097
B4/347_b4-1_s_187_F.jpg,1637.0,1.8056640625,1.9013671875,2.0234375,1.9052734375,1.9677734375,1.9677734375,2.103515625,1.9306640625,3.265625,2.060546875,2.013671875,103.50995492679144,1.0,1,11.417483550537698,10.861779775497006
B4/37_b4-2_s_133_F.jpg,1540.0,1.38671875,1.4765625,1.6025390625,1.408203125,1.6318359375,1.7607421875,2.951171875,1.4931640625,1.634765625,1.529296875,1.4345703125,118.20007413017532,0.9831932773109243,1,10.643523314785979,3.346760478021582
B3/263_s_153_F.jpg,1564.0,1.849609375,1.91796875,2.125,3.169921875,1.9560546875,2.302734375,2.072265625,2.05078125,2.580078125,2.720703125,2.33203125,78.21710818262497,1.0,1,9.250070113808974,10.183427781973664
B3/104_s_131_F.jpg,1523.0,1.42041015625,1.4619140625,1.5517578125,1.7080078125,1.556640625,1.583984375,2.80078125,1.447265625,1.51171875,2.51953125,1.4189453125,76.91209868960517,0.9871794871794872,1,7.173127125227675,30.35018302074244
B3/290_s_169_F.jpg,1657.0,1.8447265625,1.9306640625,2.041015625,1.908203125,1.97265625,2.13671875,2.107421875,1.9619140625,2.001953125,1.97265625,2.0859375,93.41044160087282,0.9787234042553191,1,10.399319422811413,0.9755831540018356
B4/209_b4-4_s_160_M.jpg,1754.0,1.8486328125,1.931640625,2.0,2.064453125,1.9921875,2.115234375,2.091796875,1.98046875,2.17578125,2.111328125,2.052734375,124.12683727075384,1.0,1,13.082379948150713,27.027634270859945
B3/246_s_160_F.jpg,1692.0,1.830078125,1.9228515625,2.279296875,2.076171875,1.94140625,2.0859375,2.087890625,1.99609375,2.322265625,2.04296875,2.1640625,89.97364628282087,0.967391304347826,1,9.731607676635818,5.507781786300214
B4/429_b4-2_s_164_F.jpg,1469.0,1.5908203125,1.6474609375,1.7314453125,4.79296875,1.6708984375,1.80078125,1.853515625,1.7734375,2.650390625,1.7822265625,1.7568359375,96.26337520876002,0.9591836734693877,1,10.4246244133359,1.2212902114571156
B3/76_s_172_F.jpg,1604.0,1.2763671875,1.36328125,1.5048828125,1.3544921875,1.4609375,4.71484375,1.5458984375,1.5576171875,2.095703125,3.693359375,1.599609375,118.40456337100727,1.0,1,9.421926405051002,8.514733079820136
B4/104_b4-1_s_125_F.jpg,1550.0,1.4130859375,1.4833984375,1.7080078125,4.91015625,1.5537109375,3.474609375,1.638671875,3.896484375,1.7431640625,1.8603515625,1.908203125,124.88868813069398,1.0,1,11.385706383890762,10.553229013404074
B3/79_s_107_F.jpg,1629.0,1.5908203125,1.6650390625,2.595703125,2.08203125,1.7294921875,1.7353515625,1.9140625,1.734375,1.74609375,1.6796875,1.9072265625,106.18161878889333,0.9906542056074766,1,10.369298709852865,0.6840872517758667
B4/138_b4-4_s_146_F.jpg,1695.0,1.46875,1.564453125,1.7119140625,1.59765625,1.60546875,3.396484375,2.220703125,1.6533203125,2.1796875,1.63671875,1.681640625,110.70199012698887,0.9821428571428571,1,9.592539704956632,6.858107607386843
B3/88_s_123_F.jpg,1436.0,1.453125,1.5654296875,1.6396484375,3.37890625,1.6435546875,1.6533203125,2.236328125,1.9658203125,1.5712890625,1.5478515625,1.8466796875,119.36843697197014,1.0,1,12.079196377081763,17.286896249388906
B3/478_s_154_F.jpg,1578.0,1.4560546875,1.505859375,1.60546875,1.501953125,1.546875,1.578125,1.5908203125,1.5517578125,1.546875,2.779296875,1.4560546875,99.25889177882598,0.9514563106796117,1,9.158832360621977,11.069330499175445
B4/366_b4-2_s_123_F.jpg,1582.0,1.5419921875,1.630859375,1.6884765625,1.734375,1.642578125,1.716796875,1.8125,1.689453125,2.095703125,1.69140625,1.8623046875,108.28325340266663,0.9908256880733946,1,10.55448361466465,2.4822004738460413
B4/344_b4-1_s_187_F.jpg,1409.0,1.7353515625,1.916015625,2.04296875,1.935546875,2.015625,2.095703125,2.271484375,1.99609375,2.091796875,1.978515625,2.185546875,116.88940736676284,0.9586776859504132,1,14.396324749014259,39.78580979226314
B4/478_b4-2_s_170_F.jpg,1579.0,1.4931640625,1.5927734375,1.6982421875,1.599609375,1.6533203125,1.71484375,1.876953125,1.630859375,3.58984375,1.626953125,1.71484375,117.53031873023991,0.9666666666666667,1,11.11412591400664,7.916229878669023
B4/79_b4-3_s_135_F.jpg,1549.0,1.78515625,1.86328125,1.96875,1.9287109375,1.9248046875,2.306640625,2.03125,2.056640625,1.970703125,1.9619140625,1.9267578125,102.67630413297485,0.9807692307692307,1,11.83300490961142,14.896419912944502
B3/13_s_120_F.jpg,1657.0,1.6796875,1.75,1.7685546875,1.98046875,1.740234375,2.267578125,3.63671875,4.08984375,2.4453125,4.93359375,1.9521484375,95.62638971689739,0.9896907216494846,1,9.693569793458122,5.877123017168307
B4/209_b4-2_s_177_M.jpg,1486.0,1.40234375,1.4853515625,1.5625,1.5185546875,1.548828125,1.6552734375,1.7353515625,2.431640625,1.8720703125,1.5361328125,1.6123046875,125.18399385145204,1.0,1,11.813660254214147,14.708586673072288
B4/143_b4-3_s_149_F.jpg,1662.0,1.4296875,1.501953125,1.5888671875,1.55078125,1.580078125,1.583984375,1.6279296875,4.65625,4.375,2.26953125,1.5322265625,124.57735272021516,0.9682539682539683,1,10.716406977568148,4.054448169168556
B3/127_s_141_M.jpg,1631.0,1.3486328125,1.4833984375,1.5634765625,1.515625,1.564453125,2.791015625,3.1796875,1.513671875,2.30078125,1.5673828125,1.658203125,129.40989039444239,0.9694656488549618,1,10.700577832493781,3.9007499231845433
B3/168_s_172_F.jpg,1775.0,1.45703125,1.501953125,1.9267578125,1.787109375,1.53515625,13.953125,1.63671875,1.626953125,1.6181640625,8.8359375,1.6611328125,105.83330418651411,0.9906542056074766,1,8.687460929042642,15.646265128325677
B4/138_b4-3_s_148_F.jpg,1479.0,1.373046875,1.544921875,1.6494140625,1.5830078125,1.6123046875,1.6884765625,2.138671875,1.5458984375,2.76171875,1.8056640625,1.8876953125,126.95143227729922,0.9921259842519685,1,11.78568406795942,14.43694276959726
B3/156_s_144_F.jpg,1707.0,1.359375,1.4560546875,1.5546875,1.51953125,1.5126953125,1.544921875,1.5703125,1.5546875,1.478515625,1.6474609375,1.623046875,110.74223807964641,0.9821428571428571,1,8.818994135296974,14.369100569218773
B3/112_s_151_F.jpg,1559.0,1.44140625,1.5419921875,1.72265625,1.8095703125,1.658203125,2.46875,3.451171875,2.953125,1.5673828125,1.6591796875,1.59765625,95.6995927121951,0.9795918367346939,1,8.84810718780067,14.08641789216728
B3/191_s_148_F.jpg,1695.0,1.6201171875,1.6796875,1.7294921875,3.498046875,1.6953125,1.7607421875,2.001953125,1.7763671875,2.37109375,2.177734375,1.85546875,109.2723224358591,1.0,1,10.444481869992755,1.4141026623837538
B3/209_s_157_F.jpg,1534.0,1.431640625,1.55078125,1.7041015625,1.55859375,1.6572265625,1.7919921875,2.138671875,2.384765625,1.55859375,2.123046875,1.7998046875,101.71698255708303,0.9805825242718447,1,9.49297030515883,7.824909164306327
B3/215_s_107_F.jpg,1607.0,1.7578125,1.83203125,2.015625,9.5546875,1.931640625,1.9248046875,2.095703125,2.14453125,2.005859375,2.529296875,1.91015625,87.05355690759389,0.9887640449438202,1,9.522329216031729,7.539839245244639
B3/76_s_117_F.jpg,1425.0,1.54296875,1.5908203125,1.83203125,4.7734375,1.611328125,1.74609375,1.75390625,1.7763671875,2.640625,2.9765625,1.6845703125,103.41150292027784,0.9805825242718447,1,11.197243326071751,8.723285495704491
B3/257_s_128_F.jpg,1508.0,1.69921875,1.732421875,1.9375,5.7578125,1.763671875,3.359375,1.8232421875,7.0390625,4.578125,1.9921875,1.9560546875,83.24808010995503,0.9880952380952381,1,9.380417680658994,8.917775575299958
B4/136_b4-1_s_135_F.jpg,1562.0,1.3134765625,1.3779296875,1.6142578125,1.60546875,1.4560546875,1.5048828125,1.9228515625,1.3642578125,4.640625,1.7978515625,1.5625,130.53157314476044,0.9264705882352942,1,10.976322790774473,6.578185516045809
B3/168_s_147_M.jpg,1578.0,1.9501953125,2.05859375,2.19140625,2.126953125,2.080078125,2.244140625,2.2734375,2.33984375,2.390625,2.23046875,2.4609375,94.4002307920982,0.9791666666666666,1,11.66659617171534,13.280620006450693
B3/385_s_194_F.jpg,1571.0,1.33984375,1.4501953125,3.423828125,5.4765625,1.529296875,1.685546875,1.6318359375,1.5849609375,1.4814453125,3.28125,1.7119140625,112.5441557390938,0.9824561403508771,1,9.598445809424026,6.800760360079927
B4/194_b4-3_s_158_F.jpg,1659.0,1.42578125,1.4775390625,1.54296875,1.9560546875,1.474609375,1.8994140625,1.654296875,4.12109375,5.05859375,1.6435546875,1.513671875,118.8714114809395,0.9752066115702479,1,10.216071708894411,0.8037202813574562
B3/191_s_144_F.jpg,1549.0,1.48828125,1.62109375,1.7548828125,1.701171875,1.66796875,1.7294921875,3.654296875,1.64453125,3.5,7.375,1.8232421875,128.20393630066985,0.9769230769230769,1,12.317851166719258,19.60419275470453
B4/79_b4-4_s_129_F.jpg,1543.0,1.52734375,1.611328125,1.720703125,1.615234375,1.6328125,1.734375,1.7255859375,1.623046875,1.6865234375,1.62890625,1.728515625,104.50764955130427,0.9811320754716981,1,10.344724910523324,0.4454799336693904
B3/199_s_164_F.jpg,1483.0,1.43359375,1.48828125,2.09765625,1.5185546875,1.5361328125,4.83203125,2.111328125,4.85546875,1.9599609375,1.638671875,1.60546875,96.07802401865855,0.9895833333333334,1,9.287717784591962,9.817875445600254
B4/315_b4-1_s_179_F.jpg,1507.0,1.369140625,1.439453125,1.5078125,1.4365234375,1.50390625,1.5068359375,1.7568359375,1.4462890625,1.75390625,1.4443359375,1.6708984375,117.89807508977309,0.9833333333333333,1,10.711283624068273,4.00470129763586
B4/69_b4-4_s_129_M.jpg,1523.0,1.560546875,1.6123046875,1.6865234375,1.611328125,1.640625,1.8447265625,1.751953125,1.654296875,2.025390625,1.654296875,1.7490234375,120.60995729457512,0.9918032786885246,1,12.358338276423682,19.997315549226702
B3/382_s_109_M.jpg,1492.0,1.642578125,1.7666015625,1.83203125,2.6875,1.818359375,2.3125,2.060546875,2.900390625,3.1484375,1.78515625,2.01953125,103.37455924434319,0.9716981132075472,1,11.380749979643074,10.505103190077648
B3/37_s_102_M.jpg,1372.0,1.5546875,1.6494140625,1.7373046875,1.6435546875,1.6474609375,1.7666015625,2.16796875,1.6552734375,1.759765625,1.8720703125,1.7666015625,105.21190332812873,0.963302752293578,1,11.922130536111526,15.761814247315398
B3/240_s_160_F.jpg,1692.0,1.5908203125,1.6474609375,3.130859375,1.7822265625,1.67578125,2.943359375,1.6787109375,12.046875,1.7998046875,1.78125,1.8623046875,91.07075487995502,1.0,1,8.562482667715186,16.859782312097426
B3/350_s_172_M.jpg,1546.0,1.4580078125,1.5263671875,1.83203125,1.6611328125,1.54296875,1.751953125,1.9375,1.6513671875,1.5791015625,7.515625,1.64453125,103.03529164321218,0.9903846153846154,1,9.717093155175894,5.648715265601001
B4/360_b4-4_s_187_F.jpg,1673.0,1.560546875,1.6640625,1.8369140625,1.75390625,1.677734375,1.75390625,1.8623046875,1.662109375,1.771484375,1.6708984375,1.689453125,104.09259592159394,1.0,1,9.709586089425056,5.721607568563014
B4/168_b4-2_s_160_F.jpg,1680.0,1.7626953125,1.8603515625,1.939453125,2.01953125,1.89453125,1.9482421875,1.9921875,2.044921875,2.15234375,2.568359375,2.076171875,112.10207092884616,0.9912280701754386,1,11.762011604036884,14.207087261550576
B4/13_b4-4_s_101_F.jpg,1515.0,1.41015625,1.46875,1.5341796875,1.513671875,1.478515625,1.5654296875,1.583984375,1.5166015625,1.54296875,1.52734375,1.638671875,130.11146370246828,1.0,1,12.110725659187048,17.59304009568954
B3/392_s_123_M.jpg,1587.0,1.28125,1.36328125,1.55859375,1.474609375,1.3974609375,1.484375,1.43359375,1.4453125,1.6083984375,1.4814453125,1.48046875,137.28252525784146,0.9856115107913669,1,11.083379677795172,7.6176892718256894
B4/12_b4-2_s_152_F.jpg,1549.0,1.3037109375,1.38671875,1.548828125,1.4443359375,1.357421875,5.1796875,1.9228515625,2.20703125,2.203125,3.044921875,1.3818359375,107.27319798214464,1.0,1,9.0286146875355,12.333721459993674
B4/222_b4-1_s_158_F.jpg,1729.0,1.912109375,1.97265625,2.0625,2.228515625,1.9765625,2.08984375,2.29296875,2.43359375,3.125,2.451171875,2.125,112.35733214191737,0.9396551724137931,1,12.425651135832796,20.650911708383912
B3/168_s_141_F.jpg,1592.0,1.552734375,1.7431640625,1.908203125,1.75,1.8154296875,1.8740234375,2.0,1.8583984375,1.9619140625,2.19140625,1.974609375,90.27738546197368,1.0,1,8.805075357533404,14.50424948082778
B4/243_b4-4_s_164_F.jpg,1680.0,1.6640625,1.77734375,2.001953125,1.7890625,1.8369140625,1.876953125,1.9462890625,1.77734375,1.8603515625,1.7705078125,1.7900390625,104.24538126130392,0.9904761904761905,1,10.325644628282056,0.2602137111674896
B3/275_s_176_F.jpg,1543.0,1.9228515625,2.068359375,2.6328125,2.09765625,2.13671875,2.15625,2.24609375,2.142578125,2.181640625,2.169921875,2.20703125,93.5058070586868,0.9893617021276596,1,11.652481348387521,13.14356752650514
B3/198_s_122_M.jpg,1551.0,1.3857421875,1.4765625,1.9033203125,1.5,1.548828125,3.875,1.5634765625,1.5400390625,1.564453125,2.92578125,1.6865234375,113.08025799305217,0.9826086956521739,1,10.103164672750257,1.900027967785256
B3/150_s_138_F.jpg,1613.0,1.810546875,1.8837890625,1.9521484375,2.01953125,1.8984375,2.013671875,2.10546875,2.017578125,2.013671875,3.26171875,2.0859375,91.66301192797091,0.967741935483871,1,10.288913812726316,0.09643612039047511
B4/198_b4-3_s_159_F.jpg,1692.0,1.466796875,1.5830078125,1.744140625,2.373046875,1.611328125,1.689453125,1.7373046875,1.705078125,1.6884765625,1.875,1.7294921875,116.70953966825836,0.9830508474576272,1,10.117564306624697,1.7602100269605514
B3/199_s_149_F.jpg,1571.0,1.599609375,1.6708984375,1.7109375,1.765625,1.7138671875,1.7255859375,1.810546875,1.779296875,2.1328125,3.904296875,1.7548828125,96.30965726964072,1.0,1,9.806354593988173,4.782002217296688
B3/456_s_177_F.jpg,1608.0,1.5078125,1.5673828125,2.25390625,2.203125,1.630859375,1.7294921875,1.8232421875,1.6611328125,2.4609375,1.689453125,1.77734375,111.040766168175,1.0,1,10.412229803355185,1.1009407039668684
B3/350_s_114_F.jpg,1565.0,1.5693359375,1.6533203125,1.7177734375,1.8466796875,1.666015625,1.8203125,1.8828125,1.7568359375,1.7744140625,2.0234375,1.734375,112.77583877923294,0.9911504424778761,1,11.308829180700087,9.806764739367146
B3/12_s_168_F.jpg,1637.0,1.607421875,1.6650390625,1.734375,1.7578125,1.7265625,1.8203125,2.33984375,1.7294921875,1.8994140625,1.8515625,1.8681640625,112.99014521213554,0.991304347826087,1,11.094858342908562,7.72914511393703
B3/191_s_133_F.jpg,1623.0,1.6318359375,1.6884765625,1.7490234375,1.9501953125,1.7041015625,1.98828125,2.44921875,2.783203125,1.8125,2.205078125,1.9033203125,100.05103348145809,0.9615384615384616,1,10.059573137341902,2.32329419603301
B3/194_s_152_F.jpg,1500.0,1.4541015625,1.5361328125,1.6865234375,1.875,1.5810546875,1.6552734375,1.689453125,1.716796875,2.267578125,1.7314453125,1.626953125,99.07271900156657,0.9801980198019802,1,9.604119700086759,6.745667868434291
B3/104_s_104_F.jpg,1473.0,1.466796875,1.4970703125,1.486328125,1.5517578125,1.513671875,1.5234375,1.6357421875,1.5634765625,1.6826171875,1.5751953125,1.6708984375,90.24917377832794,0.989010989010989,1,8.98691147789432,12.738652373421965
B3/113_s_106_M.jpg,1598.0,1.5908203125,1.6357421875,1.716796875,1.732421875,1.66796875,2.095703125,1.8056640625,2.525390625,1.8251953125,3.50390625,1.9228515625,100.1464322573644,0.9901960784313726,1,9.969648226496904,3.1964494423972423
B3/458_s_167_F.jpg,1725.0,1.5947265625,1.6923828125,8.234375,2.228515625,1.740234375,2.361328125,1.7294921875,4.4296875,2.392578125,1.830078125,1.7490234375,100.11464276595707,0.9607843137254902,1,9.255390151540302,10.131771140756952
B3/114_s_199_F.jpg,1747.0,1.6748046875,1.740234375,1.849609375,1.79296875,1.7431640625,4.3515625,1.8984375,5.44140625,2.75390625,1.99609375,2.013671875,91.21743487318797,0.9473684210526315,1,8.744784631215866,15.089661948814626
B3/488_s_104_F.jpg,1560.0,1.8583984375,1.89453125,2.35546875,1.9658203125,1.9306640625,2.052734375,2.62109375,2.654296875,2.095703125,2.013671875,1.9541015625,86.37814383365767,0.9545454545454546,1,10.290064585552543,0.08526231636718506
B4/30_b4-3_s_117_M.jpg,1534.0,1.6240234375,1.6923828125,1.8271484375,1.7763671875,1.7431640625,1.8173828125,1.9248046875,1.771484375,1.8564453125,1.828125,1.8837890625,107.54584150200424,0.981651376146789,1,11.38572146055509,10.553375405192856
B3/385_s_104_F.jpg,1657.0,1.48046875,1.5400390625,1.85546875,2.0078125,1.55078125,1.69140625,2.201171875,2.6953125,1.6552734375,1.841796875,1.6982421875,107.8177955786151,0.9908256880733946,1,9.633124746410852,6.464033912604483
B4/76_b4-4_s_129_M.jpg,1554.0,1.607421875,1.6787109375,1.759765625,1.72265625,1.7109375,1.810546875,2.23046875,1.7314453125,1.828125,1.853515625,1.7373046875,129.07493731495515,0.9923076923076923,1,13.351214784704807,29.63797378342601
B3/30_s_149_F.jpg,1502.0,1.3603515625,1.4521484375,3.23046875,6.375,1.494140625,3.552734375,1.5693359375,1.5390625,1.5888671875,3.650390625,1.4853515625,112.9394251763168,0.9401709401709402,1,10.228849767407084,0.6796475553035863
B4/357_b4-2_s_174_F.jpg,1578.0,1.7197265625,1.7744140625,1.93359375,2.09375,1.7919921875,1.916015625,3.24609375,1.8828125,2.328125,1.890625,1.91015625,99.94280478577411,0.970873786407767,1,10.891907231992896,5.758525120141145
B3/114_s_134_F.jpg,1780.0,1.7548828125,1.841796875,1.890625,1.916015625,1.849609375,1.908203125,2.02734375,1.9521484375,1.984375,1.9228515625,1.974609375,95.38642349243142,0.9895833333333334,1,9.404044670377198,8.688361613869356
B3/357_s_106_F.jpg,1546.0,1.57421875,1.6396484375,1.7080078125,1.7041015625,1.63671875,1.9453125,1.84375,1.986328125,2.150390625,2.14453125,1.6611328125,101.32819789547405,0.9805825242718447,1,10.31777160612974,0.18376803518693752
B4/13_b4-3_s_106_M.jpg,1462.0,1.939453125,2.013671875,2.099609375,2.068359375,2.005859375,2.4453125,2.6796875,2.041015625,2.236328125,2.216796875,2.33203125,100.72956831037504,0.9901960784313726,1,13.36253598081107,29.747900628862013
B3/113_s_137_F.jpg,1562.0,1.494140625,1.55078125,1.6162109375,1.765625,1.5625,1.6494140625,1.6572265625,1.5947265625,1.7099609375,1.6064453125,1.765625,97.24376637475562,0.9795918367346939,1,9.301911771352838,9.68005430248623
B4/224_b4-3_s_164_F.jpg,1645.0,1.369140625,1.4462890625,1.5693359375,1.6650390625,1.4873046875,1.5703125,1.8515625,1.6123046875,1.5810546875,1.8232421875,1.4248046875,108.91635707412138,0.9908256880733946,1,9.065155574297004,11.978915803999147
B3/130_s_141_F.jpg,1598.0,1.9013671875,2.037109375,2.712890625,1.984375,2.142578125,2.666015625,2.24609375,2.091796875,2.15625,4.87890625,2.30859375,99.36145847297357,0.9320388349514563,1,11.822441604671827,14.793852058939638
B4/381_b4-4_s_190_F.jpg,1557.0,1.6640625,1.763671875,1.8876953125,1.912109375,1.779296875,1.8251953125,1.9052734375,1.78515625,4.25,1.935546875,1.9462890625,110.40254599305993,0.9821428571428571,1,11.799405054051142,14.570171158468614
B3/137_s_136_F.jpg,1551.0,1.994140625,2.03125,2.06640625,2.095703125,2.060546875,3.654296875,2.263671875,2.580078125,3.59375,2.52734375,2.29296875,81.7354751085806,0.963855421686747,1,10.50883503660199,2.038960719144689
B3/200_s_164_F.jpg,1446.0,1.46484375,1.5810546875,2.2734375,2.796875,1.6240234375,2.22265625,1.7841796875,4.31640625,1.7490234375,11.3203125,1.77734375,87.56396826546379,0.9886363636363636,1,8.87050702896701,13.868919329774176
B3/315_s_172_F.jpg,1659.0,1.6103515625,1.7109375,2.458984375,1.75,1.7294921875,3.767578125,2.990234375,1.796875,1.83203125,1.7041015625,1.740234375,99.62380363753732,1.0,1,9.670243993363558,6.103612479730225
B3/37_s_102_F.jpg,1645.0,1.611328125,1.7353515625,1.8251953125,1.830078125,1.7705078125,1.796875,2.1484375,1.751953125,1.8232421875,2.06640625,1.876953125,101.77329559575315,1.0,1,9.96900751169457,3.202670671707597
B4/203_b4-1_s_152_M.jpg,1564.0,1.58984375,1.630859375,1.681640625,1.6982421875,1.611328125,3.462890625,1.74609375,3.017578125,3.396484375,1.8828125,1.7431640625,99.91095050455519,0.9705882352941176,1,10.156189272137238,1.3851683287147254
B4/215_b4-1_s_156_F.jpg,1517.0,1.2421875,1.318359375,1.494140625,1.3037109375,1.3623046875,1.4384765625,1.5546875,1.5087890625,1.9208984375,1.841796875,1.544921875,100.96314077498636,0.9245283018867925,1,8.26731387155098,19.725819993002492
B3/88_s_170_F.jpg,1853.0,1.447265625,1.5087890625,1.740234375,1.5693359375,1.5458984375,1.6552734375,1.654296875,5.68359375,1.59375,1.5751953125,1.505859375,119.05870758384944,0.9833333333333333,1,9.298951691475018,9.708796163342015
B4/367_b4-2_s_187_F.jpg,1377.0,1.4609375,1.5751953125,1.6025390625,1.7041015625,1.6025390625,1.6552734375,2.001953125,1.666015625,2.646484375,1.6884765625,1.716796875,108.2773740350281,0.954954954954955,1,11.487761519920035,11.544166636861641
B4/270_b4-1_s_170_M.jpg,1486.0,1.4697265625,1.51953125,1.541015625,1.6796875,1.51171875,1.5732421875,1.6533203125,1.642578125,3.205078125,1.6572265625,1.9521484375,141.25937188409648,0.952054794520548,1,13.971241659496789,35.65832691499162
B4/113_b4-1_s_127_F.jpg,1695.0,1.60546875,1.7373046875,1.916015625,2.541015625,1.7890625,1.8857421875,1.9375,1.8623046875,1.9677734375,1.83984375,1.8603515625,106.36133392813349,0.9272727272727272,1,10.074324355748264,2.1800624305438943
B4/312_b4-4_s_177_F.jpg,1653.0,1.634765625,1.7080078125,1.8515625,1.6826171875,1.7822265625,1.86328125,3.25,1.701171875,1.908203125,1.732421875,1.6748046875,105.88742810616303,0.9906542056074766,1,10.471937543110355,1.6806924738145046
B3/287_s_187_F.jpg,1592.0,1.376953125,1.427734375,1.494140625,11.828125,1.431640625,4.875,1.9541015625,5.71875,1.5517578125,1.6142578125,1.6123046875,103.10940887493541,1.0,1,8.91814213362092,13.406390747328722
B3/382_s_146_F.jpg,1475.0,1.59375,1.67578125,2.056640625,1.7431640625,1.744140625,1.7763671875,1.830078125,2.068359375,2.466796875,3.5703125,1.7900390625,93.13059528820767,0.968421052631579,1,10.062839745124135,2.291576002530571
B3/156_s_168_F.jpg,1835.0,1.7080078125,1.7900390625,4.69140625,1.8984375,1.8154296875,1.9638671875,1.9580078125,2.017578125,1.94140625,2.470703125,2.1171875,105.21795398824405,0.9811320754716981,1,9.793628742625959,4.905568020998407
B4/198_b4-4_s_156_F.jpg,1457.0,1.478515625,1.5703125,1.740234375,2.259765625,1.60546875,1.7685546875,1.7080078125,1.794921875,1.6611328125,1.8056640625,1.7919921875,118.01680973428296,0.9915966386554622,1,11.975957254961529,16.284462326883276
B4/381_b4-2_s_160_F.jpg,1582.0,1.51953125,1.5791015625,1.625,1.6953125,1.568359375,1.6552734375,1.9140625,1.677734375,1.8671875,1.6796875,1.7978515625,113.85452035360164,0.991304347826087,1,10.935872416628238,6.185419417405358
B3/34_s_104_F.jpg,1527.0,1.5927734375,1.6396484375,1.8623046875,1.7109375,1.671875,6.40625,1.8583984375,1.720703125,1.876953125,1.943359375,1.7548828125,91.54486705133631,0.989247311827957,1,9.548803705228384,7.282776559058412
B4/191_b4-1_s_126_F.jpg,1736.0,1.7705078125,1.9033203125,2.931640625,1.8466796875,1.98046875,2.779296875,2.140625,2.8046875,2.357421875,1.8623046875,2.060546875,103.24515227613732,0.9903846153846154,1,10.529743589150534,2.241979128394056
B3/388_s_159_F.jpg,1537.0,1.6689453125,1.72265625,1.98828125,1.78125,1.7666015625,1.8486328125,3.029296875,1.8046875,1.912109375,1.994140625,1.83984375,96.95528638903454,0.9693877551020408,1,10.527851056673667,2.2236029671550472
B3/37_s_104_F.jpg,1592.0,1.548828125,1.6572265625,1.7255859375,1.6015625,1.732421875,1.7734375,1.8076171875,1.6826171875,1.73828125,1.7900390625,1.638671875,104.01917924671109,0.9528301886792453,1,10.119838590246385,1.738127128491862
B3/360_s_152_F.jpg,1628.0,1.3896484375,1.4384765625,1.8232421875,1.578125,1.4384765625,1.69921875,2.556640625,1.6494140625,1.5576171875,1.94140625,1.4755859375,99.20756866692585,0.99,1,8.468282726423064,17.774447360675506
B4/34_b4-4_s_114_F.jpg,1530.0,1.72265625,1.771484375,1.8271484375,1.796875,1.787109375,1.865234375,3.2109375,1.8056640625,2.41015625,1.796875,2.064453125,113.35016650152097,0.9824561403508771,1,12.762311945253968,23.919829622553614
B4/130_b4-4_s_144_F.jpg,1932.0,1.740234375,1.86328125,1.943359375,1.8857421875,1.9033203125,3.509765625,2.11328125,1.8828125,1.94140625,2.0,2.0390625,124.60801036869705,0.9761904761904762,1,11.223972207244463,8.98281828373948
B3/384_s_122_F.jpg,1592.0,1.5146484375,1.666015625,1.7685546875,1.7822265625,1.6884765625,1.7890625,1.83203125,1.744140625,2.134765625,1.8876953125,1.943359375,108.24797240686637,0.9908256880733946,1,10.298845619887139,0.0
B3/290_s_140_F.jpg,1610.0,1.57421875,1.638671875,1.7890625,1.6513671875,1.73828125,1.779296875,1.9228515625,8.265625,2.208984375,2.0234375,1.818359375,105.3086721720641,1.0,1,10.296825234215312,0.019617593528398203
B4/290_b4-1_s_174_M.jpg,1473.0,1.689453125,1.74609375,1.875,1.6943359375,1.8046875,1.9501953125,1.9052734375,1.7978515625,1.9677734375,1.7666015625,1.98046875,101.48514510687133,0.9611650485436893,1,11.639809609089086,13.020527141532611
B3/34_s_167_F.jpg,1775.0,1.6708984375,1.7353515625,1.802734375,1.87890625,1.70703125,1.8369140625,1.8388671875,1.9462890625,1.8330078125,3.46484375,1.9267578125,104.48328027277515,0.9351851851851852,1,9.835546464938286,4.498554226837026
B4/198_b4-2_s_197_F.jpg,1491.0,1.67578125,1.787109375,2.01171875,4.859375,1.8330078125,2.0390625,2.18359375,2.013671875,1.9248046875,1.8466796875,1.853515625,105.25425064452575,0.9722222222222222,1,11.829852428765705,14.865809872149004
B4/275_b4-1_s_172_F.jpg,1465.0,1.443359375,1.52734375,1.7568359375,2.716796875,1.58984375,2.396484375,1.7578125,1.5859375,1.701171875,1.66796875,1.716796875,114.52909582224792,1.0,1,11.2837299771546,9.563055837691593
B3/372_s_190_F.jpg,1598.0,1.5087890625,1.580078125,2.162109375,1.6328125,1.6123046875,1.728515625,1.7099609375,1.6123046875,1.7841796875,2.166015625,1.7978515625,110.30447447628413,0.9473684210526315,1,10.414654858237041,1.1244875651526876
B4/150_b4-1_s_140_F.jpg,1432.0,1.4931640625,1.5830078125,1.634765625,1.6494140625,1.6123046875,1.642578125,1.8046875,1.69921875,1.8583984375,1.6611328125,1.7919921875,109.27814827343613,0.9732142857142857,1,11.394567305757072,10.63926702381175
B3/76_s_120_F.jpg,1460.0,1.6884765625,1.802734375,1.9208984375,1.7978515625,1.89453125,1.9765625,2.0390625,1.8828125,1.87890625,3.294921875,1.98828125,99.44471601828832,0.98989898989899,1,11.500689880914257,11.669698773873737
B4/358_b4-1_s_190_F.jpg,1613.0,1.3818359375,1.505859375,1.6103515625,1.5224609375,1.521484375,1.6279296875,2.4375,1.525390625,1.5634765625,1.5654296875,1.6396484375,127.52681563068307,1.0,1,10.925054980372883,6.080383992517846
B4/199_b4-2_s_177_F.jpg,1611.0,1.998046875,2.1015625,2.27734375,3.984375,2.158203125,3.169921875,3.287109375,2.623046875,4.96875,2.126953125,2.24609375,93.66906481208194,0.968421052631579,1,11.617329747483101,12.802251594586123
B3/198_s_149_F.jpg,1613.0,1.427734375,1.5048828125,1.5908203125,2.05859375,1.5712890625,1.6474609375,1.640625,1.49609375,1.560546875,2.97265625,1.5322265625,113.63624185401426,0.9401709401709402,1,10.05842335652758,2.3344583677931907
B4/76_b4-1_s_117_M.jpg,1540.0,1.4638671875,1.5400390625,1.623046875,1.478515625,1.6181640625,1.6796875,1.8876953125,1.4970703125,1.7109375,1.505859375,1.720703125,120.409213500875,0.9836065573770492,1,11.44565563094889,11.135325777165296
B3/366_s_133_M.jpg,1648.0,1.3662109375,1.5302734375,1.625,1.6640625,1.6240234375,1.6650390625,1.6982421875,5.0,2.716796875,1.6650390625,1.6640625,124.71014809926261,0.984251968503937,1,10.338614584372415,0.38614972932968783
B4/25_b4-3_s_114_F.jpg,1515.0,1.5673828125,1.63671875,1.7109375,1.6689453125,1.685546875,1.716796875,1.8740234375,1.654296875,1.9267578125,2.259765625,1.7890625,114.23968370726267,0.9739130434782609,1,11.818964801861371,14.760092908266076
B3/114_s_137_F.jpg,1594.0,1.6796875,1.83984375,1.9453125,1.8583984375,1.9208984375,2.390625,1.98046875,8.234375,1.974609375,2.806640625,1.935546875,119.54962939989485,0.9833333333333333,1,12.597617197781425,22.32067226500942
B4/168_b4-1_s_146_F.jpg,1656.0,1.93359375,1.986328125,2.056640625,2.107421875,2.025390625,2.142578125,2.1328125,3.564453125,2.416015625,2.232421875,2.267578125,113.78740233616317,0.9912280701754386,1,13.286147946010901,29.0061860948305
B3/13_s_129_M.jpg,1628.0,1.6318359375,1.75390625,1.8583984375,1.8681640625,1.80078125,1.8486328125,2.341796875,1.720703125,1.943359375,1.83984375,1.8447265625,109.41205692061547,0.9819819819819819,1,10.96698565594938,6.487523560621766
B4/203_b4-3_s_160_F.jpg,1631.0,1.6142578125,1.7119140625,2.087890625,1.7041015625,1.7353515625,1.8173828125,1.8466796875,1.7255859375,1.7568359375,1.8603515625,1.7109375,102.57084555635997,0.9805825242718447,1,10.151795755615268,1.4278286101106041
B4/156_b4-4_s_148_F.jpg,1613.0,1.6435546875,1.6884765625,1.818359375,1.63671875,1.75,1.89453125,1.9072265625,2.08984375,1.865234375,1.8564453125,1.6064453125,107.21977359337122,0.9907407407407407,1,10.925081307010167,6.080639619587691
B3/458_s_168_F.jpg,1507.0,1.1416015625,1.279296875,1.3408203125,1.3544921875,1.3291015625,1.333984375,1.4736328125,1.3955078125,1.59765625,1.38671875,1.443359375,130.6339527767777,1.0,1,9.895947220008006,3.912073398800475
B3/119_s_134_F.jpg,1600.0,1.6396484375,1.7119140625,1.78125,1.7998046875,1.7900390625,1.892578125,1.91796875,1.59375,1.8125,1.939453125,1.8876953125,94.82414072861256,0.9587628865979382,1,9.717390886434357,5.6458243468567755
B4/357_b4-1_s_190_F.jpg,1919.0,1.9052734375,1.9765625,2.126953125,2.0,2.029296875,2.126953125,2.212890625,1.998046875,2.14453125,2.064453125,2.10546875,105.76711511638739,0.9272727272727272,1,10.501056539461054,1.9634328645867338
B3/136_s_140_F.jpg,1560.0,1.439453125,1.5234375,1.5458984375,1.7099609375,1.5166015625,6.234375,1.62109375,1.6845703125,1.6279296875,1.6552734375,1.814453125,120.62051350283957,0.967479674796748,1,11.129972762869688,8.070100025362414
B4/372_b4-4_s_188_F.jpg,1546.0,1.3369140625,1.4541015625,1.5849609375,1.4775390625,1.552734375,1.64453125,1.7685546875,2.306640625,2.1640625,1.525390625,1.5341796875,111.2126293977324,0.9910714285714286,1,9.61718810927745,6.6187758877888525
B3/493_s_172_F.jpg,1607.0,1.7099609375,1.7919921875,2.029296875,3.25390625,1.875,1.8701171875,1.8857421875,1.8857421875,1.97265625,1.8388671875,1.994140625,95.75944444900797,0.9895833333333334,1,10.189477872091155,1.0619418120492496
B3/347_s_190_F.jpg,1624.0,2.083984375,2.169921875,2.236328125,2.126953125,2.232421875,2.3671875,2.48046875,2.296875,2.19140625,2.75,2.244140625,80.5507834845223,0.9518072289156626,1,10.336611710329588,0.3667021706736273
B3/88_s_183_F.jpg,1573.0,1.2490234375,1.3271484375,1.4912109375,1.26171875,1.453125,1.44140625,3.515625,1.35546875,1.5751953125,4.51953125,1.2890625,108.84619407108679,1.0,1,8.642812935630067,16.07978938007637
B3/243_s_159_F.jpg,1579.0,1.583984375,1.69921875,1.8623046875,2.28515625,1.72265625,1.7998046875,3.21484375,3.322265625,1.9453125,1.8837890625,1.8681640625,106.39125693728596,1.0,1,10.672709855938653,3.6301567170749838
B4/150_b4-3_s_152_F.jpg,1451.0,1.4326171875,1.5185546875,1.607421875,3.005859375,1.5302734375,1.9482421875,2.07421875,1.5029296875,3.212890625,1.544921875,1.740234375,104.82393462880724,0.9905660377358491,1,10.349591344631682,0.492732162588716
B3/127_s_179_F.jpg,1812.0,2.0234375,2.072265625,3.720703125,2.09765625,2.146484375,2.271484375,2.30859375,2.64453125,2.2421875,2.953125,2.0078125,81.66534598789613,0.9518072289156626,1,9.119465978056489,11.451571228072977
B3/224_s_154_F.jpg,1491.0,1.48828125,1.5654296875,2.05859375,1.560546875,1.6318359375,1.6318359375,1.67578125,1.720703125,1.6279296875,2.546875,1.5205078125,100.28618630630567,1.0,1,10.010332039817671,2.801416689967129
B3/385_s_163_F.jpg,1504.0,1.7255859375,1.818359375,1.912109375,1.8203125,1.9287109375,1.8994140625,2.013671875,1.9033203125,1.9189453125,2.763671875,2.07421875,97.5901213987308,0.9797979797979798,1,11.196817893920725,8.71915462350068
B4/312_b4-2_s_166_F.jpg,1530.0,1.533203125,1.626953125,1.74609375,1.7314453125,1.6884765625,1.6982421875,2.66796875,1.62890625,2.73046875,1.7265625,1.75390625,121.11561746898626,0.967741935483871,1,12.1369178555395,17.847361767449254
B3/13_s_172_F.jpg,1471.0,1.345703125,1.4130859375,3.318359375,4.56640625,1.4384765625,6.62109375,1.732421875,3.8203125,1.5673828125,3.240234375,1.556640625,121.9171786305699,0.976,1,11.153251412259763,8.296131662783267
B4/222_b4-2_s_131_F.jpg,1523.0,1.654296875,1.7607421875,1.9677734375,3.515625,1.8095703125,1.86328125,1.9208984375,1.9482421875,1.943359375,1.83203125,1.875,105.5803590359322,0.9629629629629629,1,11.468237558405821,11.354592365775229
B3/119_s_126_F.jpg,1648.0,1.2890625,1.3486328125,1.39453125,1.818359375,1.33203125,1.443359375,1.46484375,1.560546875,2.111328125,1.640625,1.640625,103.40534655754458,0.9439252336448598,1,8.088346756482693,21.46355955793683
B3/114_s_123_M.jpg,1425.0,1.5966796875,1.642578125,1.8330078125,1.734375,1.71484375,1.83203125,4.38671875,3.02734375,2.392578125,5.3984375,1.5849609375,88.77698340172782,1.0,1,9.947256569478137,3.4138685381406297
B3/4_s_106_F.jpg,1675.0,1.2333984375,1.302734375,1.3603515625,2.4609375,1.2822265625,1.5849609375,3.134765625,3.345703125,1.478515625,1.4267578125,1.44921875,134.31030440665296,0.9779411764705882,1,9.890036990765081,3.9694606969604918
B3/156_s_115_M.jpg,1693.0,1.55859375,1.7607421875,1.8857421875,1.828125,1.8515625,2.4921875,2.048828125,2.57421875,1.8701171875,1.8076171875,1.9267578125,134.31030440665296,0.9852941176470589,1,12.364749025918888,20.059562811995903
B4/127_b4-1_s_131_M.jpg,1532.0,1.30078125,1.3955078125,1.9599609375,1.3798828125,1.4677734375,2.34765625,1.91796875,1.392578125,1.8447265625,1.39453125,1.6982421875,112.09071249415175,0.9911504424778761,1,9.517330098664054,7.588379805538326
B4/367_b4-1_s_192_F.jpg,1511.0,1.462890625,1.6923828125,1.765625,1.685546875,1.7578125,1.78125,2.052734375,1.8828125,1.87890625,1.6650390625,1.7919921875,116.3544415962235,1.0,1,11.264978278505982,9.380980104733627
B3/200_s_181_F.jpg,1412.0,1.9580078125,2.048828125,2.23828125,2.41015625,2.146484375,2.396484375,6.5234375,2.029296875,6.81640625,2.07421875,2.005859375,69.88667178800321,1.0,1,9.691122475250257,5.9008860513780625
B4/358_b4-2_s_168_F.jpg,1496.0,1.427734375,1.46484375,1.5390625,1.529296875,1.537109375,1.5703125,1.7890625,1.544921875,1.72265625,1.55078125,1.64453125,106.22357951718165,0.9814814814814815,1,10.137637427287844,1.5653035160367978
B4/191_b4-3_s_158_M.jpg,1491.0,1.6318359375,1.7099609375,1.8740234375,1.685546875,1.779296875,1.8828125,1.841796875,1.759765625,1.8740234375,1.689453125,1.8125,106.75564230954934,0.9906542056074766,1,11.683949943099806,13.44912210877327
B3/119_s_114_F.jpg,1439.0,1.66796875,1.7890625,1.9306640625,1.9501953125,1.8251953125,1.890625,2.4609375,1.935546875,1.892578125,2.208984375,2.009765625,100.21633364312908,0.9803921568627451,1,11.616241331223971,12.79168326198552
B3/478_s_109_F.jpg,1770.0,2.31640625,2.458984375,3.33203125,2.38671875,2.646484375,2.76171875,2.615234375,2.3515625,6.9296875,2.802734375,2.623046875,102.97348653199248,0.9903846153846154,1,13.476182360847355,30.851387215910474
B3/69_s_120_M.jpg,1549.0,1.244140625,1.298828125,1.384765625,1.3056640625,1.3662109375,1.4541015625,1.4638671875,5.9453125,1.43359375,2.09375,1.4345703125,100.04467032862428,0.9607843137254902,1,8.03548345194148,21.976853052104104
B4/388_b4-4_s_192_F.jpg,1611.0,1.58984375,1.6865234375,1.787109375,1.64453125,1.7568359375,1.7490234375,1.810546875,1.6923828125,1.7998046875,1.734375,1.9541015625,110.20631568666434,0.9646017699115044,1,10.87590454407016,5.6031418032785885
B3/10_s_117_F.jpg,1600.0,1.3603515625,1.41796875,1.486328125,1.400390625,1.52734375,1.83984375,1.580078125,1.451171875,1.5390625,1.4482421875,1.7255859375,137.76395992356757,0.9574468085106383,1,11.712963633638283,13.730839998421507
B3/226_s_146_F.jpg,1508.0,1.4736328125,1.4990234375,1.990234375,1.55859375,1.533203125,1.6240234375,2.111328125,1.7734375,1.9677734375,3.357421875,1.8154296875,102.14792249039948,0.9711538461538461,1,9.981998031204204,3.0765349863202007
B3/136_s_181_F.jpg,1530.0,1.716796875,1.7919921875,2.052734375,3.11328125,1.9521484375,8.7421875,3.748046875,2.123046875,1.9306640625,3.8359375,1.810546875,79.34038258775064,0.9875,1,8.902700711631027,13.556324269587517
B4/388_b4-2_s_119_F.jpg,1530.0,1.521484375,1.6494140625,1.7294921875,2.23828125,1.69921875,1.7568359375,2.71875,1.6708984375,2.29296875,1.7353515625,1.89453125,136.72491724554695,0.9856115107913669,1,13.596393807991353,32.01861946290978
B4/240_b4-4_s_164_F.jpg,1508.0,1.642578125,1.7109375,1.779296875,1.912109375,1.75,3.435546875,3.2421875,1.751953125,2.142578125,2.384765625,1.9375,105.42346980626864,0.9905660377358491,1,11.483175422107085,11.499636424620242
B3/113_s_147_M.jpg,1547.0,1.4228515625,1.4912109375,1.70703125,1.5029296875,1.5732421875,8.90625,1.6640625,5.0234375,2.4609375,2.427734375,1.611328125,98.00023411164553,0.9801980198019802,1,9.013560842347811,12.479891678902666
B4/382_b4-4_s_190_F.jpg,1693.0,1.7255859375,1.8076171875,1.896484375,2.52734375,1.8466796875,1.892578125,2.09765625,1.818359375,2.748046875,1.85546875,1.94140625,106.4869540620416,1.0,1,10.85365566784805,5.3871090842411595
B4/209_b4-3_s_160_F.jpg,1575.0,1.7109375,1.7666015625,1.8203125,1.7744140625,1.7548828125,1.8828125,1.8564453125,1.779296875,3.75390625,3.23828125,1.8583984375,103.73726732520765,0.9714285714285714,1,11.26907814693476,9.420789114210004
B3/104_s_133_F.jpg,1462.0,1.3388671875,1.3955078125,1.4267578125,3.904296875,1.4462890625,1.521484375,1.548828125,1.8740234375,2.52734375,1.490234375,1.5517578125,110.69048802397823,1.0,1,10.136789492726823,1.5735368131684968
B4/382_b4-3_s_192_M.jpg,1763.0,1.4462890625,1.529296875,1.6826171875,1.4833984375,1.5517578125,1.640625,1.9033203125,1.5068359375,1.6494140625,1.5830078125,1.52734375,105.41743094217625,0.9716981132075472,1,8.647990775298842,16.0295134573188
B4/350_b4-2_s_170_F.jpg,1631.0,1.3818359375,1.435546875,1.529296875,1.46875,1.4833984375,1.5478515625,1.57421875,1.529296875,1.5283203125,1.5361328125,1.52734375,104.96959093060285,0.9811320754716981,1,8.893363157117173,13.646990300116446
B3/143_s_152_F.jpg,1569.0,1.8251953125,1.8896484375,2.08203125,1.8857421875,1.9501953125,4.1640625,2.5546875,7.875,2.09765625,1.892578125,2.04296875,88.27358616131554,0.9887640449438202,1,10.268740323721987,0.2923171904530397
B3/222_s_155_F.jpg,1715.0,2.080078125,2.17578125,2.205078125,2.310546875,2.169921875,2.291015625,2.484375,3.30078125,2.33984375,2.322265625,2.5390625,103.63903125457047,0.9903846153846154,1,12.570103895558212,22.0535228849849
B4/13_b4-2_s_152_F.jpg,1473.0,1.392578125,1.478515625,1.5546875,1.4677734375,1.5693359375,1.611328125,1.74609375,1.4765625,2.6015625,1.5732421875,1.7412109375,114.4456866670414,0.9827586206896551,1,10.819725713043178,5.05765512350449
B3/71_s_120_M.jpg,1413.0,1.1416015625,1.1826171875,1.2294921875,2.482421875,1.23046875,1.30078125,1.3701171875,1.83203125,1.3193359375,1.2333984375,1.458984375,125.89900354017121,1.0,1,10.171726762820416,1.2343019961504775
B3/127_s_138_F.jpg,1595.0,1.232421875,1.279296875,1.349609375,1.2822265625,1.3427734375,1.3505859375,1.431640625,1.2958984375,1.3984375,1.34375,1.4521484375,128.43215447092692,0.9922480620155039,1,9.923673769488989,3.6428534249866806
B4/199_b4-3_s_159_F.jpg,1504.0,1.51953125,1.568359375,1.6435546875,1.6083984375,1.6201171875,1.6533203125,2.15625,1.67578125,2.6328125,1.640625,1.623046875,96.77126046263488,0.9795918367346939,1,9.77705813662654,5.066465723624624
B3/357_s_187_F.jpg,1587.0,1.4091796875,1.4814453125,1.658203125,1.5166015625,1.615234375,1.6728515625,1.7021484375,1.6064453125,1.62109375,1.5966796875,1.6826171875,99.84083531166789,0.9900990099009901,1,8.865386080922189,13.9186428447566
B3/119_s_138_F.jpg,1432.0,1.3251953125,1.3876953125,1.4091796875,1.5302734375,1.42578125,1.466796875,1.5537109375,3.654296875,1.5,1.4716796875,1.6025390625,111.98843474056306,0.9910714285714286,1,10.363585808128933,0.6286159695100269
B3/112_s_133_M.jpg,1635.0,1.404296875,1.4736328125,1.55859375,1.51171875,1.46875,1.556640625,1.5791015625,1.55078125,1.5107421875,4.953125,1.4892578125,109.09740264637055,0.990909090909091,1,9.370345052410697,9.015579043961008
B3/350_s_184_F.jpg,1600.0,1.6748046875,1.7666015625,1.83203125,5.99609375,1.7841796875,1.9248046875,1.9248046875,2.263671875,1.8681640625,2.080078125,1.8720703125,103.09705970321917,0.9619047619047619,1,10.791714928651176,4.785675278133161
B4/378_b4-4_s_190_F.jpg,1680.0,1.4296875,1.5126953125,1.611328125,2.619140625,1.5625,1.5703125,2.091796875,1.537109375,1.6162109375,1.5458984375,1.478515625,103.70657854918328,0.9811320754716981,1,8.825476132115206,14.306161507332881
B3/222_s_117_M.jpg,1650.0,1.5986328125,1.6435546875,3.892578125,1.67578125,1.7099609375,4.83203125,1.8486328125,5.40625,1.720703125,6.9609375,1.759765625,116.16278532776,0.95,1,11.254644861597013,9.280644423528583
B3/130_s_140_F.jpg,1578.0,1.3544921875,1.443359375,1.5078125,1.4580078125,1.486328125,1.5068359375,1.6318359375,1.4853515625,1.484375,1.4697265625,1.625,113.88247451944643,0.9655172413793104,1,9.775216858666539,5.084344212418024
B3/30_s_110_F.jpg,1534.0,1.341796875,1.38671875,2.052734375,1.4814453125,1.4130859375,1.5234375,1.50390625,1.4560546875,1.5078125,1.828125,1.5732421875,114.81223369764713,0.9495798319327731,1,10.042679034372402,2.487332997982594
B4/384_b4-4_s_192_F.jpg,1579.0,1.69921875,1.8056640625,1.9248046875,2.25390625,1.892578125,1.89453125,2.048828125,1.7666015625,1.9375,1.7548828125,1.896484375,97.81166565977708,0.98,1,10.52586550081218,2.2043235650281545
B3/226_s_154_F.jpg,1537.0,1.3330078125,1.3984375,3.75390625,1.484375,1.486328125,1.69140625,1.5947265625,2.044921875,1.46484375,4.41015625,1.5517578125,115.0559496358684,0.925,1,9.978560815824276,3.1099097499275974
B3/224_s_155_F.jpg,1653.0,1.560546875,1.650390625,1.7080078125,1.9462890625,1.705078125,1.970703125,1.9208984375,4.97265625,1.75,1.83984375,1.828125,102.01695956391379,0.9805825242718447,1,9.631109948243619,6.483597252434947
B3/69_s_115_F.jpg,1578.0,1.7607421875,1.8349609375,1.83984375,1.8515625,1.9189453125,1.91796875,2.10546875,1.998046875,1.8349609375,1.8388671875,2.15625,97.9417517202685,0.9797979797979798,1,10.92840140503976,6.112877194090061
B3/34_s_131_F.jpg,1559.0,2.005859375,2.083984375,2.314453125,2.634765625,2.12109375,2.404296875,2.31640625,2.123046875,3.10546875,2.2265625,2.17578125,89.3773176128508,0.978021978021978,1,11.499572190255895,11.658846191947436
B3/378_s_192_F.jpg,1800.0,1.5048828125,1.638671875,1.74609375,1.765625,1.70703125,1.7431640625,1.814453125,1.6552734375,1.734375,2.060546875,1.6494140625,120.02263207051256,1.0,1,10.034444228551424,2.5672915304716715
B3/372_s_164_F.jpg,1682.0,1.48828125,1.5478515625,1.626953125,1.654296875,1.5859375,1.6552734375,2.361328125,1.6279296875,1.8369140625,2.404296875,1.705078125,105.29053478831354,1.0,1,9.316404799519605,9.539329519324314
B3/270_s_164_F.jpg,1549.0,1.236328125,1.36328125,1.646484375,1.25390625,1.458984375,1.4521484375,1.5634765625,1.37890625,1.4560546875,4.265625,1.439453125,92.22385894567027,0.9894736842105263,1,7.3608102395458355,28.52781261880397
B3/360_s_187_F.jpg,1583.0,1.4814453125,1.59765625,1.66796875,2.505859375,1.6591796875,1.8564453125,1.787109375,1.970703125,1.7177734375,1.8515625,1.83203125,120.70492993413512,1.0,1,11.296130931558144,9.683466948424213
B4/226_b4-1_s_158_F.jpg,1549.0,1.6103515625,1.7373046875,1.787109375,1.6826171875,1.78125,1.8154296875,3.009765625,1.728515625,2.521484375,1.7685546875,2.189453125,118.71063676490317,0.9915966386554622,1,12.341243344075647,19.83132672893577
B4/246_b4-2_s_174_F.jpg,1680.0,1.7177734375,1.7763671875,1.9287109375,1.8564453125,1.78125,1.8837890625,2.2109375,2.12890625,1.9501953125,2.005859375,1.9013671875,103.81701568713653,0.9811320754716981,1,10.615125708802616,3.0710246622664084
B4/290_b4-2_s_152_F.jpg,1444.0,1.23046875,1.2880859375,1.3740234375,1.337890625,1.3056640625,1.3916015625,2.791015625,1.5947265625,1.701171875,1.3984375,1.412109375,87.8180614820259,1.0,1,7.483198084432932,27.339447928194716
B4/385_b4-4_s_192_F.jpg,1724.0,1.9658203125,2.08203125,2.189453125,1.990234375,2.15625,2.361328125,2.3125,2.11328125,2.115234375,2.140625,2.064453125,102.31605708202652,0.9903846153846154,1,11.666762372781742,13.282233789903074
B4/246_b4-4_s_164_F.jpg,1363.0,1.412109375,1.4912109375,1.62890625,2.7109375,1.5263671875,1.5791015625,1.7431640625,1.490234375,1.60546875,1.4853515625,1.5751953125,103.95795907823538,0.9903846153846154,1,10.770360133546774,4.578323931267958
B4/367_b4-3_s_188_F.jpg,1438.0,1.7412109375,1.7841796875,1.8583984375,1.765625,1.875,1.97265625,2.052734375,1.828125,3.03125,1.865234375,1.990234375,97.45956599392547,0.9306930693069307,1,11.800950088499727,14.585173174282895
B3/263_s_163_F.jpg,1624.0,1.4814453125,1.5830078125,1.8369140625,1.814453125,1.6162109375,7.16796875,1.671875,1.7021484375,1.8349609375,1.6796875,1.74609375,120.27696249606954,1.0,1,10.971905313518505,6.53529258008958
B4/224_b4-1_s_158_F.jpg,1560.0,1.451171875,1.5361328125,1.5986328125,1.9375,1.6162109375,1.6064453125,2.513671875,1.6591796875,2.005859375,1.79296875,1.83984375,111.82915008345887,0.9652173913043478,1,10.402776756812141,1.009153265918572
B3/156_s_143_M.jpg,1532.0,1.353515625,1.427734375,1.4765625,1.51953125,1.453125,1.744140625,1.556640625,1.4951171875,1.5673828125,1.841796875,1.5966796875,125.97988301758262,1.0,1,11.130270241512417,8.072988491251799
B4/392_b4-2_s_181_F.jpg,1571.0,1.3095703125,1.3720703125,1.4208984375,1.4990234375,1.37890625,1.4521484375,1.513671875,1.89453125,1.451171875,1.6396484375,1.3466796875,110.74223807964641,0.990990990990991,1,9.231365202349584,10.36504921946051
B3/344_s_159_F.jpg,1424.0,1.3798828125,1.4072265625,1.451171875,1.439453125,1.4453125,1.5048828125,1.5947265625,1.6962890625,1.4853515625,2.16015625,1.4375,97.79213782562384,1.0,1,9.476242288146732,7.987335300491882
B3/358_s_135_F.jpg,1573.0,1.2744140625,1.3427734375,3.43359375,1.744140625,1.3740234375,1.6962890625,1.5322265625,1.494140625,1.453125,2.7421875,1.5146484375,112.79277251222149,0.9739130434782609,1,9.138251458228769,11.26916748239487
B4/360_b4-3_s_188_F.jpg,1624.0,1.7734375,1.8994140625,2.0546875,1.9560546875,1.97265625,2.07421875,3.12109375,1.9189453125,2.1953125,1.994140625,1.8994140625,102.99203195970377,1.0,1,11.246916975279381,9.205607991263708
B4/243_b4-1_s_164_F.jpg,1635.0,1.2216796875,1.306640625,1.337890625,2.29296875,1.3193359375,1.3818359375,1.3984375,2.09765625,1.4765625,1.9228515625,1.5068359375,120.01732778890262,1.0,1,8.967751162552393,12.924695703413535
B3/392_s_179_F.jpg,1416.0,1.390625,1.7177734375,3.54296875,1.8857421875,1.77734375,1.828125,1.9072265625,1.771484375,3.70703125,2.345703125,1.9541015625,106.98200908388465,0.9907407407407407,1,10.506487032646687,2.0161620090565435
B3/360_s_162_F.jpg,2094.0,2.1328125,2.291015625,2.357421875,2.330078125,2.384765625,2.384765625,3.365234375,3.08984375,2.369140625,2.845703125,2.556640625,117.2211634764895,0.9830508474576272,1,11.93938694972303,15.92937102259302
B3/194_s_149_M.jpg,1569.0,1.7607421875,1.8154296875,1.982421875,1.931640625,1.8203125,1.912109375,1.970703125,1.8857421875,2.056640625,4.21875,2.017578125,91.34994239841784,0.9782608695652174,1,10.251351013804284,0.4611643657532083
B3/222_s_153_M.jpg,1611.0,1.5751953125,1.5966796875,1.658203125,1.623046875,1.625,1.7021484375,1.849609375,1.6708984375,1.6953125,1.634765625,1.6845703125,106.5287945215964,0.963302752293578,1,10.416117801160418,1.1386924865329329
B4/360_b4-2_s_162_F.jpg,1395.0,1.4404296875,1.4912109375,1.626953125,1.580078125,1.5205078125,1.6025390625,3.494140625,1.5341796875,1.818359375,1.6015625,1.5966796875,108.18326069778826,0.9636363636363636,1,11.170636587788255,8.464938693883163
B3/270_s_172_F.jpg,1806.0,1.787109375,1.87890625,1.982421875,1.8603515625,1.9375,3.4140625,2.69140625,1.87890625,1.916015625,1.8994140625,2.021484375,121.66627695089137,0.983739837398374,1,12.03936567886403,16.90014709625258
B3/200_s_149_F.jpg,1729.0,1.5908203125,1.681640625,3.548828125,1.720703125,1.751953125,1.77734375,1.828125,1.662109375,1.7626953125,8.65625,1.625,123.52531199760715,0.9761904761904762,1,11.36533114133565,10.355388951448319
B3/287_s_180_F.jpg,1617.0,1.3330078125,1.39453125,1.4912109375,1.4169921875,1.4677734375,1.50390625,1.4990234375,1.4931640625,1.48828125,1.5302734375,1.4111328125,121.48300112783382,0.9836065573770492,1,10.014705602309759,2.7589501587314103
B3/456_s_164_F.jpg,1594.0,1.5234375,1.576171875,3.634765625,2.509765625,1.6015625,1.7177734375,1.865234375,1.8486328125,1.9033203125,1.8564453125,1.671875,103.41150292027784,1.0,1,9.883372740282985,4.034169410228583
B4/270_b4-4_s_170_F.jpg,1555.0,1.8720703125,1.982421875,2.328125,2.001953125,2.046875,2.203125,2.2265625,2.10546875,2.35546875,2.037109375,2.017578125,105.58638858158321,1.0,1,12.711584788917744,23.427277755980636
B4/392_b4-4_s_192_M.jpg,1578.0,1.333984375,1.4013671875,1.453125,1.4501953125,1.3984375,2.0859375,1.646484375,1.4482421875,3.919921875,1.4375,1.5576171875,108.98063347810746,0.990909090909091,1,9.212830306552425,10.54501983443281
B3/194_s_166_F.jpg,1839.0,1.67578125,1.78125,2.384765625,2.0703125,1.7890625,1.908203125,1.970703125,1.8154296875,1.9287109375,3.193359375,2.01171875,108.88128122422651,0.9818181818181818,1,9.92176234646742,3.6614130101296882
B3/209_s_172_F.jpg,1631.0,2.09765625,2.19921875,2.576171875,2.48046875,2.18359375,2.23828125,2.30078125,4.11328125,2.349609375,2.69140625,2.345703125,79.58873497585844,0.9875,1,10.236039690478423,0.6098346526084208
B3/315_s_152_F.jpg,1444.0,1.78125,1.9033203125,4.76171875,10.9453125,1.99609375,1.9541015625,2.119140625,8.015625,2.259765625,5.41796875,2.0703125,90.05851375612961,0.989010989010989,1,11.109191663996251,7.8683191691341525
B3/312_s_199_F.jpg,1528.0,1.576171875,1.70703125,1.830078125,1.6728515625,1.734375,1.9521484375,1.8251953125,1.9677734375,1.8232421875,1.78125,1.8486328125,90.12917560596202,0.9888888888888889,1,9.297059666691977,9.727167394962265
B3/367_s_123_F.jpg,1648.0,1.896484375,1.96875,2.044921875,2.052734375,1.994140625,2.09375,2.2421875,2.212890625,2.080078125,2.138671875,2.03125,96.22368715297759,0.979381443298969,1,11.073223251851347,7.519072142113492
B3/488_s_128_M.jpg,1582.0,1.8486328125,1.9208984375,2.638671875,5.6640625,1.9306640625,6.7109375,2.1953125,3.5,2.29296875,7.5234375,2.048828125,86.80455993634605,0.9886363636363636,1,10.143473942664489,1.508631966699503
B3/168_s_177_F.jpg,1411.0,1.3779296875,1.4765625,2.150390625,4.796875,1.5029296875,1.771484375,2.109375,5.5625,2.3984375,5.34765625,1.6142578125,100.41306665348765,0.9900990099009901,1,9.805963540379652,4.785799279831204
B4/130_b4-3_s_148_M.jpg,1624.0,1.5703125,1.638671875,1.6845703125,1.6591796875,1.6474609375,1.740234375,1.880859375,1.7119140625,1.853515625,1.6962890625,1.908203125,129.30654160351733,0.9846153846153847,1,12.503182180527913,21.403724669725953
B3/392_s_197_F.jpg,1772.0,1.4404296875,1.513671875,1.5810546875,1.986328125,1.5341796875,1.5859375,1.6015625,2.0859375,1.5576171875,3.619140625,1.689453125,109.02735615269903,0.9727272727272728,1,8.862654658689811,13.945164479638695
B4/493_b4-1_s_254_F.jpg,1608.0,1.625,1.6982421875,1.802734375,1.6796875,1.7626953125,1.8154296875,1.890625,1.7109375,2.697265625,1.7099609375,1.875,80.58239062071397,0.9634146341463414,1,8.14343188797638,20.928692510436697
B3/10_s_215_M.jpg,1648.0,1.578125,1.64453125,2.466796875,7.1171875,1.662109375,1.744140625,1.6845703125,1.6591796875,1.787109375,6.390625,1.8740234375,92.5339718068125,0.9479166666666666,1,8.86105426320546,13.960704041482996
B4/488_b4-2_s_214_F.jpg,1527.0,1.63671875,1.7314453125,1.830078125,1.7626953125,1.7548828125,1.830078125,2.375,1.7197265625,2.84765625,1.7021484375,2.013671875,121.97982341262473,0.9758064516129032,1,13.074437727644522,26.950516690896876
B3/357_s_289_F.jpg,1540.0,1.5205078125,1.6025390625,1.646484375,1.615234375,1.63671875,10.0234375,1.943359375,2.1328125,1.662109375,1.677734375,1.734375,85.86809770550019,0.9883720930232558,1,8.47812424712509,17.67888790609915
B3/25_s_268_F.jpg,1662.0,1.45703125,1.5478515625,3.328125,1.5927734375,1.5849609375,1.6982421875,2.376953125,1.564453125,1.6728515625,2.0078125,1.7744140625,108.91051188362296,0.954954954954955,1,9.547895262811974,7.291597376943626
B4/429_b4-1_s_207_F.jpg,1537.0,1.5537109375,1.751953125,1.875,1.705078125,1.86328125,1.8623046875,2.08203125,1.6982421875,2.986328125,1.7412109375,1.91015625,107.13067374119682,0.963302752293578,1,10.829544536983834,5.152994196474925
B3/224_s_282_F.jpg,1933.0,1.8720703125,1.9267578125,3.46875,1.9248046875,2.04296875,2.05078125,2.072265625,3.82421875,2.8125,3.724609375,2.083984375,103.49765354758979,0.9444444444444444,1,10.023532572160018,2.67324181649532
B3/344_s_219_F.jpg,1387.0,1.34375,1.5205078125,1.70703125,1.5751953125,1.5791015625,2.205078125,1.69921875,1.671875,2.0390625,1.599609375,1.576171875,117.36770694909961,0.9915254237288136,1,11.37078992161879,10.40839275871579
B3/199_s_200_F.jpg,1481.0,1.751953125,1.796875,1.939453125,1.7998046875,1.8232421875,1.9208984375,1.97265625,1.990234375,1.94140625,1.8701171875,1.8603515625,85.0336837644412,0.9885057471264368,1,10.059083592260263,2.3280475936438227
B4/478_b4-1_s_233_F.jpg,1549.0,1.4599609375,1.5478515625,1.6025390625,1.521484375,1.587890625,1.611328125,2.482421875,1.5634765625,3.189453125,1.6435546875,1.72265625,115.64097430562151,0.9745762711864406,1,10.899374129157431,5.831027393115473
B4/456_b4-3_s_209_F.jpg,1515.0,1.4736328125,1.615234375,1.6796875,7.5859375,1.6572265625,1.66796875,1.841796875,1.634765625,1.779296875,1.732421875,1.74609375,109.49930042137726,0.990909090909091,1,10.650941389223538,3.4187886908072507
B4/458_b4-2_s_226_F.jpg,1629.0,1.705078125,1.7666015625,1.841796875,1.787109375,1.787109375,1.818359375,1.9541015625,1.8583984375,1.9267578125,1.8125,1.830078125,74.81417672243526,0.9736842105263158,1,7.8308174444019985,23.964124393896746
B4/257_b4-2_s_202_F.jpg,1496.0,1.3017578125,1.3935546875,1.4892578125,1.650390625,1.4072265625,2.404296875,1.443359375,1.4931640625,2.650390625,1.5029296875,1.689453125,123.54592531639857,0.9457364341085271,1,10.750459457430708,4.3850918269082495
B4/489_b4-3_s_251_F.jpg,1557.0,1.7705078125,1.8720703125,2.03125,1.9013671875,1.8671875,2.037109375,2.177734375,1.9052734375,1.9052734375,1.9619140625,1.890625,97.49222123558367,0.9797979797979798,1,11.08611042746174,7.644204376210739
B4/456_b4-4_s_212_F.jpg,1607.0,1.552734375,1.677734375,1.7705078125,1.982421875,1.765625,1.7822265625,1.9658203125,1.64453125,1.796875,4.8828125,1.818359375,88.5112587118467,0.9887640449438202,1,8.552238579738804,16.959250624901344
B4/458_b4-4_s_212_M.jpg,1583.0,1.634765625,1.6865234375,1.716796875,1.83203125,1.6826171875,1.74609375,1.8154296875,1.8232421875,2.177734375,1.8837890625,2.009765625,102.35960244952915,0.9619047619047619,1,10.57068600588478,2.6395228749978905
B3/456_s_226_F.jpg,1486.0,1.44140625,1.5576171875,1.75,1.5732421875,1.634765625,2.16015625,1.740234375,2.03515625,1.765625,1.796875,1.7705078125,94.99183466771288,0.9,1,9.214120066555049,10.532496489096587
B4/493_b4-4_s_237_F.jpg,1555.0,1.4951171875,1.615234375,3.900390625,1.5732421875,1.666015625,1.705078125,3.146484375,1.5908203125,4.17578125,1.625,1.5986328125,107.95351570449637,0.981651376146789,1,10.379624230279337,0.7843462595090722
B4/344_b4-2_s_204_F.jpg,1629.0,1.931640625,2.025390625,2.080078125,2.322265625,2.0078125,2.138671875,3.94140625,2.1640625,2.216796875,2.17578125,2.12109375,85.19075891779828,0.9655172413793104,1,10.101775985279323,1.913511881635277
B4/489_b4-1_s_248_M.jpg,1639.0,1.40625,1.47412109375,1.5224609375,1.55078125,1.4345703125,1.537109375,1.79296875,1.5478515625,3.3984375,1.5732421875,1.5390625,97.9482514881172,1.0,1,8.4038882645006,18.39970638774665
B3/246_s_224_F.jpg,1444.0,1.2421875,1.3603515625,1.435546875,6.7578125,1.423828125,1.462890625,1.494140625,1.3662109375,1.615234375,2.373046875,1.765625,120.2293165221291,0.9834710743801653,1,10.34261455106179,0.4249887102893535
B3/385_s_297_F.jpg,1571.0,1.5908203125,1.689453125,2.013671875,2.11328125,1.73828125,2.791015625,2.9140625,1.8828125,1.7197265625,5.2109375,1.7255859375,85.44445885785352,0.9770114942528736,1,8.652245750582045,15.988198387259034
B3/495_s_204_M.jpg,1440.0,1.083984375,1.1201171875,1.2001953125,7.38671875,1.1708984375,1.423828125,1.3857421875,2.052734375,1.2333984375,1.4501953125,1.2490234375,121.78133772083133,0.967741935483871,1,9.167296337220785,10.987146758286437
B3/384_s_204_M.jpg,1530.0,1.55859375,1.658203125,1.7197265625,1.7119140625,1.734375,3.927734375,1.8447265625,2.08203125,1.93359375,2.3671875,1.86328125,118.30774410525139,0.9831932773109243,1,12.051876505819878,17.021625050361244
B3/224_s_229_F.jpg,1560.0,1.689453125,1.74609375,1.876953125,1.685546875,1.830078125,1.9482421875,1.984375,1.7177734375,1.8076171875,1.662109375,1.908203125,95.55313064099916,0.9690721649484536,1,10.348239433651877,0.47960534207209804
B4/458_b4-3_s_211_F.jpg,1588.0,1.5419921875,1.62890625,1.7890625,1.6474609375,1.6494140625,1.6943359375,1.7490234375,1.689453125,1.705078125,1.765625,1.7490234375,100.84326573351214,0.9339622641509434,1,9.792161708001396,4.919812672085611
B3/203_s_200_F.jpg,1800.0,1.4521484375,1.5400390625,1.607421875,2.908203125,1.59375,1.7685546875,1.69921875,7.78125,1.6396484375,1.55859375,1.73828125,120.68383136205746,0.983739837398374,1,9.736157619106958,5.463602636140363
B3/493_s_227_F.jpg,1486.0,1.568359375,1.623046875,1.6982421875,5.90625,1.6240234375,1.734375,1.763671875,1.7431640625,1.7109375,1.6796875,1.916015625,111.57838620638148,0.9823008849557522,1,11.776245494895631,14.345295866515606
B3/429_s_211_F.jpg,1571.0,1.3916015625,1.494140625,1.568359375,1.939453125,1.5810546875,1.599609375,1.6650390625,1.6748046875,1.546875,1.5576171875,1.8330078125,113.87688423524607,0.9739130434782609,1,10.087285170872057,2.0542151695774113
B3/458_s_229_F.jpg,1578.0,1.291015625,1.4052734375,1.626953125,1.5,1.4638671875,1.537109375,1.7822265625,1.50390625,1.6123046875,1.54296875,1.69921875,108.0949550258225,0.990909090909091,1,8.84361697858106,14.130017042842368
B3/88_s_224_F.jpg,2114.0,2.318359375,2.455078125,2.9296875,2.673828125,2.564453125,2.572265625,2.666015625,2.541015625,2.8203125,2.912109375,2.775390625,94.0692023773423,0.968421052631579,1,10.316282745046536,0.16931145298193506
B3/71_s_223_F.jpg,1582.0,1.71484375,1.744140625,1.8369140625,1.8740234375,1.7294921875,1.9248046875,1.94140625,2.96875,1.8271484375,1.78515625,1.7998046875,84.74871250851575,0.9204545454545454,1,9.186523385952912,10.800455458680968
B3/312_s_228_F.jpg,1515.0,1.5478515625,1.685546875,1.853515625,1.5576171875,1.8681640625,3.228515625,1.7763671875,2.001953125,1.7626953125,1.7177734375,1.7080078125,94.14361619834595,0.9387755102040817,1,9.61850451696436,6.605993798072218
B3/458_s_204_F.jpg,1686.0,1.70703125,1.8076171875,3.2109375,1.8369140625,1.9033203125,2.583984375,1.9658203125,1.8125,1.8623046875,2.189453125,1.8603515625,96.79099426166324,0.9595959595959596,1,9.799837006122765,4.84528686206136
B3/215_s_202_F.jpg,1604.0,1.732421875,1.8447265625,1.94140625,1.9140625,1.8583984375,1.9541015625,2.046875,2.375,2.001953125,2.5859375,1.9580078125,99.34864342700902,0.9509803921568627,1,10.730284484072657,4.189196344029145
B4/71_b4-2_s_204_F.jpg,1613.0,1.583984375,1.720703125,1.8125,1.671875,1.7890625,1.7841796875,2.23046875,1.70703125,2.5,1.7294921875,1.7919921875,98.03920299148572,0.9607843137254902,1,9.627561418224838,6.518052861827995
B3/347_s_200_F.jpg,1419.0,1.26953125,1.3310546875,1.4072265625,1.4013671875,1.365234375,1.4169921875,1.564453125,1.396484375,2.5546875,4.40625,1.4794921875,107.58135275986554,0.981651376146789,1,9.62493934079796,6.543512777663752
B3/199_s_303_M.jpg,1602.0,1.66796875,1.7626953125,3.55859375,2.048828125,1.830078125,1.974609375,1.9052734375,1.787109375,1.8984375,1.8515625,1.9921875,88.99185338137819,0.9666666666666667,1,9.26564484673662,10.032199833692045
B3/358_s_307_F.jpg,1866.0,1.640625,1.7841796875,5.14453125,1.8203125,1.853515625,2.7734375,1.9521484375,1.892578125,1.978515625,1.8515625,1.8701171875,97.9417517202685,0.98989898989899,1,8.61123721415142,16.386384144616517
B3/493_s_309_F.jpg,1550.0,1.7373046875,1.8056640625,1.9619140625,3.12890625,1.828125,2.6640625,3.392578125,3.439453125,2.169921875,2.05859375,2.091796875,86.37077337041343,0.9659090909090909,1,9.68079673802706,6.001147164169762
