split,conjunto,modelo,n,mape,mape_mediana,mejora_pct
val,-,modelo,679,23.37858271572717,23.37858271572717,0.0
val,B_ratios_solos,ridge,679,18.872610557601913,23.37858271572717,19.273932098090842
val,B_ratios_solos,hgb,679,19.52894094180693,23.37858271572717,16.466531871200733
val,C'_ratios+forma,ridge,679,18.921098857382994,23.37858271572717,19.066527310680602
val,C'_ratios+forma,hgb,679,19.135131842750415,23.37858271572717,18.15101849660935
val,C'_final,ridge,679,18.7981665364552,23.37858271572717,19.592360388000113
val,C'_final,hgb,679,19.118481914592405,23.37858271572717,18.22223722000446
test,-,modelo,670,23.49095504219636,23.49095504219636,0.0
test,B_ratios_solos,ridge,670,19.152302614225547,23.49095504219636,18.469459501230894
test,B_ratios_solos,hgb,670,19.768653166374474,23.49095504219636,15.84568132345231
test,C'_ratios+forma,ridge,670,19.157586669146017,23.49095504219636,18.44696550338799
test,C'_ratios+forma,hgb,670,19.620488740478535,23.49095504219636,16.476411004854338
test,C'_final,ridge,670,19.089167937012768,23.49095504219636,18.73822114629544
test,C'_final,hgb,670,19.711455931170676,23.49095504219636,16.08916752953059
