sigma_escala_pct,escenario,features,mape_media,mape_sd
0,A_train_limpio,s,16.553661357629494,0.0
0,A_train_limpio,s+r,16.119951490474595,0.0
0,B_train_ruidoso,s,16.553661357629494,0.0
0,B_train_ruidoso,s+r,16.119951490474595,0.0
2,A_train_limpio,s,16.888898142042954,0.16220405326192874
2,A_train_limpio,s+r,16.45653650153475,0.1896124213300172
2,B_train_ruidoso,s,16.734675638176338,0.14777787952608384
2,B_train_ruidoso,s+r,16.618240703469418,0.10615532170375554
5,A_train_limpio,s,18.303546411688323,0.271039889660509
5,A_train_limpio,s+r,17.988521000267745,0.22503647114498426
5,B_train_ruidoso,s,17.92510110026131,0.21866213667847825
5,B_train_ruidoso,s+r,17.656209974476322,0.24336980900323482
10,A_train_limpio,s,22.65986964738436,0.4724977967947312
10,A_train_limpio,s+r,22.30792332157622,0.41565488955055996
10,B_train_ruidoso,s,18.982011371026545,0.26228374905086943
10,B_train_ruidoso,s+r,18.617965901591926,0.2505065947286787
15,A_train_limpio,s,28.888781822624857,0.86410441761326
15,A_train_limpio,s+r,27.892127551480673,0.7777876328454987
15,B_train_ruidoso,s,19.875762865284877,0.33608600336824
15,B_train_ruidoso,s+r,19.238414474285516,0.3611486369833992
20,A_train_limpio,s,34.942558457582194,1.4486382175308556
20,A_train_limpio,s+r,33.13983433413756,1.3104539898408034
20,B_train_ruidoso,s,20.31575010815398,0.23096107198365676
20,B_train_ruidoso,s+r,19.522190047080233,0.2748754423646484
30,A_train_limpio,s,45.58493901717119,2.1025148253634893
30,A_train_limpio,s+r,41.7433588381488,1.877942336905152
30,B_train_ruidoso,s,20.49206660839385,0.2519381252922628
30,B_train_ruidoso,s+r,19.773461838454924,0.31260939034913315
