split,tta,modelo,n,mape,mape_mediana,mejora_pct,nombre,backbone,encuadre,tam,loss,sin_aug_escala,congelar,imagenes,mape_val,mejor_epoca,balanceado,unificado,semilla
test,True,convnext_tiny_completa_384_l1,670,16.45396464906846,23.49095504219636,29.95616985553583,convnext_tiny_completa_384_l1,convnext_tiny,completa,384,l1,False,False,sin_sticker,15.102,4,False,False,
test,True,convnext_tiny_crop_384_l1,670,15.884647881612644,23.49095504219636,32.3797272053037,convnext_tiny_crop_384_l1,convnext_tiny,crop,384,l1,False,False,sin_sticker,14.962,16,False,False,
test,True,convnext_tiny_crop_224_l1,670,17.073316443527233,23.49095504219636,27.319615516445563,convnext_tiny_crop_224_l1,convnext_tiny,crop,224,l1,False,False,sin_sticker,15.506,4,False,False,
test,True,tf_efficientnetv2_s_crop_384_l1,670,19.25320171548068,23.49095504219636,18.0399363035836,tf_efficientnetv2_s_crop_384_l1,tf_efficientnetv2_s,crop,384,l1,False,False,sin_sticker,19.507,20,False,False,
test,True,resnet18_crop_384_l1,670,29.392994821613787,23.49095504219636,-25.12473319546056,resnet18_crop_384_l1,resnet18,crop,384,l1,False,True,sin_sticker,30.101,21,False,False,
test,True,convnext_tiny_crop_384_l1_noaug,670,15.86108008093706,23.49095504219636,32.4800543339081,convnext_tiny_crop_384_l1_noaug,convnext_tiny,crop,384,l1,True,False,sin_sticker,14.634,23,False,False,
test,True,convnext_tiny_crop_384_mse,670,15.49682581625591,23.49095504219636,34.03066930050629,convnext_tiny_crop_384_mse,convnext_tiny,crop,384,mse,False,False,sin_sticker,14.561,8,False,False,
test,True,convnext_tiny_crop_384_l1_CONSTICKER,670,15.193776335613318,23.49095504219636,35.320738095488146,convnext_tiny_crop_384_l1_CONSTICKER,convnext_tiny,crop,384,l1,False,False,con_sticker,13.903,9,False,False,
test,True,convnext_tiny_crop_384_mse_bal,670,15.343575976687276,23.49095504219636,34.68304737237844,convnext_tiny_crop_384_mse_bal,convnext_tiny,crop,384,mse,False,False,sin_sticker,14.735,13,True,False,
test,True,convnext_tiny_crop_384_mse_unif,758,15.046305136514116,25.545208170971907,41.09930506022705,convnext_tiny_crop_384_mse_unif,convnext_tiny,crop,384,mse,False,False,sin_sticker,14.047,22,False,True,
test,True,convnext_tiny_crop_384_mse_bal_unif,758,14.794346862046044,25.545208170971907,42.085628102817815,convnext_tiny_crop_384_mse_bal_unif,convnext_tiny,crop,384,mse,False,False,sin_sticker,13.816,26,True,True,
test,True,convnext_unif_bal_45ep,758,15.370317190053193,25.545208170971907,39.83091824039575,convnext_unif_bal_45ep,convnext_tiny,crop,384,mse,False,False,sin_sticker,14.743,14,True,True,
test,True,convnext_tiny_crop_384_mse_s1,670,15.841451488988897,23.49095504219636,32.563612417914925,convnext_tiny_crop_384_mse_s1,convnext_tiny,crop,384,mse,False,False,sin_sticker,14.54,10,False,False,1.0
test,True,convnext_tiny_crop_384_mse_s2,670,15.631450807636003,23.49095504219636,33.4575764179978,convnext_tiny_crop_384_mse_s2,convnext_tiny,crop,384,mse,False,False,sin_sticker,14.646,6,False,False,2.0
test,True,convnext_tiny_crop_384_mse_s3,670,15.41998855688895,23.49095504219636,34.35776225704611,convnext_tiny_crop_384_mse_s3,convnext_tiny,crop,384,mse,False,False,sin_sticker,14.512,20,False,False,3.0
test,True,convnext_tiny_crop_384_mse_s4,670,15.523454450609226,23.49095504219636,33.91731233266278,convnext_tiny_crop_384_mse_s4,convnext_tiny,crop,384,mse,False,False,sin_sticker,14.9,19,False,False,4.0
test,True,convnext_tiny_crop_384_mse_bal_s1,670,15.628089470581768,23.49095504219636,33.4718854873745,convnext_tiny_crop_384_mse_bal_s1,convnext_tiny,crop,384,mse,False,False,sin_sticker,14.571,17,True,False,1.0
test,True,convnext_tiny_crop_384_mse_bal_s2,670,16.067872251529046,23.49095504219636,31.599748828148417,convnext_tiny_crop_384_mse_bal_s2,convnext_tiny,crop,384,mse,False,False,sin_sticker,14.67,24,True,False,2.0
test,True,convnext_tiny_crop_384_mse_bal_s3,670,15.935742969721025,23.49095504219636,32.16221758078398,convnext_tiny_crop_384_mse_bal_s3,convnext_tiny,crop,384,mse,False,False,sin_sticker,14.836,19,True,False,3.0
test,True,convnext_tiny_crop_384_mse_bal_s4,670,15.695495412196989,23.49095504219636,33.184941250777314,convnext_tiny_crop_384_mse_bal_s4,convnext_tiny,crop,384,mse,False,False,sin_sticker,14.922,10,True,False,4.0
